学校,地区,专业方向,导师,推荐建议
飞海科技网络有限公司大学,天津,智能控制,陶教授,课题方向契合国家战略，发展前景好
佳禾科技有限公司大学,北京,绿色建筑设计,王教授,科研氛围浓厚，适合深入发展
联软网络有限公司大学,哈尔滨,建筑通风系统设计,赵教授,实验资源丰富，重视实践能力
惠派国际公司传媒有限公司大学,重庆,绿色建筑设计,高教授,科研氛围浓厚，适合深入发展
合联电子传媒有限公司大学,广州,暖通系统仿真,刘教授,科研氛围浓厚，适合深入发展
创联世纪信息有限公司大学,重庆,建筑设备与自动化,夏教授,实验资源丰富，重视实践能力
恩悌传媒有限公司大学,哈尔滨,热舒适研究,周教授,实验资源丰富，重视实践能力
商软冠联信息有限公司大学,武汉,可再生能源建筑应用,陈教授,科研氛围浓厚，适合深入发展
迪摩科技有限公司大学,沈阳,智能控制,吕教授,适合从事建筑节能与智能化研究
四通网络有限公司大学,广州,热舒适研究,陈教授,课题方向契合国家战略，发展前景好
银嘉信息有限公司大学,沈阳,绿色建筑设计,黄教授,科研氛围浓厚，适合深入发展
开发区世创信息有限公司大学,北京,暖通系统仿真,周教授,科研氛围浓厚，适合深入发展
联软科技有限公司大学,哈尔滨,绿色建筑设计,张教授,课题方向契合国家战略，发展前景好
和泰传媒有限公司大学,重庆,智能控制,金教授,课题方向契合国家战略，发展前景好
通际名联科技有限公司大学,重庆,建筑节能,张教授,实验资源丰富，重视实践能力
恒聪百汇传媒有限公司大学,北京,建筑节能,张教授,课题方向契合国家战略，发展前景好
数字100网络有限公司大学,北京,碳中和技术,唐教授,科研氛围浓厚，适合深入发展
昂歌信息网络有限公司大学,北京,建筑环境与能源应用工程,张教授,科研氛围浓厚，适合深入发展
商软冠联科技有限公司大学,天津,建筑通风系统设计,秦教授,导师指导细致，团队合作密切
诺依曼软件信息有限公司大学,成都,绿色建筑设计,张教授,课题方向契合国家战略，发展前景好
济南亿次元传媒有限公司大学,北京,碳中和技术,李教授,导师指导细致，团队合作密切
时空盒数字传媒有限公司大学,北京,可再生能源建筑应用,王教授,实验资源丰富，重视实践能力
盟新传媒有限公司大学,武汉,室内环境控制,赵教授,实验资源丰富，重视实践能力
恩悌信息有限公司大学,北京,绿色建筑设计,张教授,导师指导细致，团队合作密切
数字100科技有限公司大学,哈尔滨,可再生能源建筑应用,陈教授,科研氛围浓厚，适合深入发展
中建创业信息有限公司大学,成都,碳中和技术,郭教授,导师指导细致，团队合作密切
黄石金承传媒有限公司大学,青岛,建筑设备与自动化,冯教授,适合从事建筑节能与智能化研究
诺依曼软件科技有限公司大学,哈尔滨,建筑设备与自动化,王教授,导师指导细致，团队合作密切
晖来计算机网络有限公司大学,上海,热舒适研究,李教授,适合从事建筑节能与智能化研究
菊风公司信息有限公司大学,南京,热舒适研究,廖教授,实验资源丰富，重视实践能力
立信电子网络有限公司大学,青岛,智能控制,李教授,课题方向契合国家战略，发展前景好
新格林耐特传媒有限公司大学,上海,热舒适研究,林教授,导师指导细致，团队合作密切
创联世纪传媒有限公司大学,广州,热舒适研究,王教授,实验资源丰富，重视实践能力
四通信息有限公司大学,北京,绿色建筑设计,杨教授,科研氛围浓厚，适合深入发展
创联世纪网络有限公司大学,哈尔滨,建筑节能,李教授,科研氛围浓厚，适合深入发展
良诺网络有限公司大学,上海,智能控制,许教授,实验资源丰富，重视实践能力
数字100传媒有限公司大学,北京,碳中和技术,邱教授,实验资源丰富，重视实践能力
华泰通安科技有限公司大学,重庆,智能控制,林教授,科研氛围浓厚，适合深入发展
四通信息有限公司大学,上海,建筑通风系统设计,邢教授,实验资源丰富，重视实践能力
数字100网络有限公司大学,成都,热舒适研究,余教授,适合从事建筑节能与智能化研究
凌颖信息信息有限公司大学,广州,可再生能源建筑应用,李教授,课题方向契合国家战略，发展前景好
联软信息有限公司大学,哈尔滨,建筑环境与能源应用工程,张教授,课题方向契合国家战略，发展前景好
创汇科技有限公司大学,成都,绿色建筑设计,王教授,课题方向契合国家战略，发展前景好
易动力科技有限公司大学,广州,暖通系统仿真,王教授,实验资源丰富，重视实践能力
彩虹网络有限公司大学,上海,绿色建筑设计,胡教授,导师指导细致，团队合作密切
飞利信科技有限公司大学,广州,碳中和技术,王教授,导师指导细致，团队合作密切
诺依曼软件信息有限公司大学,北京,建筑环境与能源应用工程,袁教授,课题方向契合国家战略，发展前景好
MBP软件网络有限公司大学,沈阳,建筑环境与能源应用工程,曹教授,导师指导细致，团队合作密切
信诚致远信息有限公司大学,上海,室内环境控制,缪教授,实验资源丰富，重视实践能力
戴硕电子传媒有限公司大学,沈阳,暖通系统仿真,王教授,课题方向契合国家战略，发展前景好
图龙信息网络有限公司大学,广州,建筑设备与自动化,陆教授,科研氛围浓厚，适合深入发展
创亿信息有限公司大学,上海,热舒适研究,邓教授,实验资源丰富，重视实践能力
快讯信息有限公司大学,成都,建筑设备与自动化,何教授,科研氛围浓厚，适合深入发展
明腾网络有限公司大学,青岛,建筑设备与自动化,董教授,适合从事建筑节能与智能化研究
趋势信息有限公司大学,北京,室内环境控制,周教授,科研氛围浓厚，适合深入发展
创汇科技有限公司大学,哈尔滨,智能控制,马教授,适合从事建筑节能与智能化研究
富罳传媒有限公司大学,北京,建筑设备与自动化,祝教授,课题方向契合国家战略，发展前景好
天益信息有限公司大学,上海,室内环境控制,刘教授,实验资源丰富，重视实践能力
MBP软件网络有限公司大学,广州,建筑环境与能源应用工程,陈教授,课题方向契合国家战略，发展前景好
鑫博腾飞科技有限公司大学,青岛,建筑环境与能源应用工程,陈教授,课题方向契合国家战略，发展前景好
恒聪百汇传媒有限公司大学,武汉,绿色建筑设计,李教授,导师指导细致，团队合作密切
MBP软件网络有限公司大学,北京,热舒适研究,杨教授,课题方向契合国家战略，发展前景好
万迅电脑科技有限公司大学,西安,可再生能源建筑应用,田教授,导师指导细致，团队合作密切
双敏电子科技有限公司大学,上海,绿色建筑设计,张教授,适合从事建筑节能与智能化研究
信诚致远信息有限公司大学,沈阳,绿色建筑设计,黄教授,适合从事建筑节能与智能化研究
迪摩信息有限公司大学,成都,建筑节能,胡教授,适合从事建筑节能与智能化研究
新格林耐特传媒有限公司大学,上海,智能控制,刘教授,科研氛围浓厚，适合深入发展
昂歌信息传媒有限公司大学,沈阳,绿色建筑设计,王教授,适合从事建筑节能与智能化研究
毕博诚科技有限公司大学,西安,碳中和技术,孙教授,科研氛围浓厚，适合深入发展
济南亿次元网络有限公司大学,哈尔滨,建筑环境与能源应用工程,张教授,适合从事建筑节能与智能化研究
昊嘉网络有限公司大学,广州,可再生能源建筑应用,乔教授,科研氛围浓厚，适合深入发展
同兴万点传媒有限公司大学,重庆,建筑设备与自动化,曾教授,适合从事建筑节能与智能化研究
太极传媒有限公司大学,西安,智能控制,黄教授,导师指导细致，团队合作密切
创汇信息有限公司大学,天津,建筑环境与能源应用工程,全教授,科研氛围浓厚，适合深入发展
新宇龙信息网络有限公司大学,西安,绿色建筑设计,刘教授,导师指导细致，团队合作密切
昊嘉信息有限公司大学,西安,建筑环境与能源应用工程,汪教授,实验资源丰富，重视实践能力
同兴万点信息有限公司大学,重庆,建筑通风系统设计,周教授,课题方向契合国家战略，发展前景好
戴硕电子信息有限公司大学,青岛,室内环境控制,何教授,科研氛围浓厚，适合深入发展
东方峻景信息有限公司大学,天津,智能控制,王教授,实验资源丰富，重视实践能力
恩悌信息有限公司大学,西安,建筑通风系统设计,吴教授,导师指导细致，团队合作密切
浙大万朋科技有限公司大学,哈尔滨,智能控制,袁教授,课题方向契合国家战略，发展前景好
鑫博腾飞传媒有限公司大学,西安,暖通系统仿真,武教授,导师指导细致，团队合作密切
商软冠联信息有限公司大学,哈尔滨,可再生能源建筑应用,林教授,导师指导细致，团队合作密切
飞海科技网络有限公司大学,重庆,建筑节能,袁教授,导师指导细致，团队合作密切
鑫博腾飞科技有限公司大学,广州,室内环境控制,李教授,导师指导细致，团队合作密切
商软冠联科技有限公司大学,西安,热舒适研究,梁教授,课题方向契合国家战略，发展前景好
恒聪百汇科技有限公司大学,天津,建筑通风系统设计,萧教授,实验资源丰富，重视实践能力
菊风公司网络有限公司大学,武汉,碳中和技术,李教授,实验资源丰富，重视实践能力
新格林耐特信息有限公司大学,北京,热舒适研究,孙教授,适合从事建筑节能与智能化研究
创联世纪网络有限公司大学,哈尔滨,暖通系统仿真,玉教授,课题方向契合国家战略，发展前景好
群英网络有限公司大学,重庆,碳中和技术,刘教授,课题方向契合国家战略，发展前景好
昂歌信息科技有限公司大学,上海,建筑通风系统设计,詹教授,科研氛围浓厚，适合深入发展
东方峻景网络有限公司大学,广州,建筑节能,向教授,课题方向契合国家战略，发展前景好
七喜网络有限公司大学,广州,可再生能源建筑应用,曹教授,适合从事建筑节能与智能化研究
商软冠联信息有限公司大学,武汉,建筑节能,李教授,课题方向契合国家战略，发展前景好
明腾信息有限公司大学,北京,建筑通风系统设计,徐教授,实验资源丰富，重视实践能力
群英科技有限公司大学,成都,碳中和技术,陈教授,课题方向契合国家战略，发展前景好
四通网络有限公司大学,北京,暖通系统仿真,梁教授,适合从事建筑节能与智能化研究
中建创业网络有限公司大学,重庆,建筑设备与自动化,曾教授,实验资源丰富，重视实践能力
快讯传媒有限公司大学,沈阳,室内环境控制,白教授,科研氛围浓厚，适合深入发展
银嘉科技有限公司大学,西安,室内环境控制,贺教授,科研氛围浓厚，适合深入发展
时空盒数字信息有限公司大学,沈阳,暖通系统仿真,雷教授,课题方向契合国家战略，发展前景好
图龙信息科技有限公司大学,西安,建筑环境与能源应用工程,史教授,适合从事建筑节能与智能化研究
恒聪百汇传媒有限公司大学,重庆,建筑设备与自动化,石教授,课题方向契合国家战略，发展前景好
盟新网络有限公司大学,上海,暖通系统仿真,周教授,实验资源丰富，重视实践能力
飞海科技传媒有限公司大学,沈阳,建筑节能,辛教授,课题方向契合国家战略，发展前景好
精芯传媒有限公司大学,上海,建筑通风系统设计,赵教授,课题方向契合国家战略，发展前景好
数字100信息有限公司大学,广州,建筑环境与能源应用工程,周教授,课题方向契合国家战略，发展前景好
时刻传媒有限公司大学,成都,可再生能源建筑应用,秦教授,实验资源丰富，重视实践能力
思优网络有限公司大学,上海,可再生能源建筑应用,吴教授,实验资源丰富，重视实践能力
雨林木风计算机传媒有限公司大学,武汉,暖通系统仿真,马教授,科研氛围浓厚，适合深入发展
新宇龙信息网络有限公司大学,沈阳,建筑环境与能源应用工程,李教授,适合从事建筑节能与智能化研究
黄石金承网络有限公司大学,重庆,暖通系统仿真,徐教授,适合从事建筑节能与智能化研究
通际名联网络有限公司大学,广州,建筑通风系统设计,陈教授,科研氛围浓厚，适合深入发展
MBP软件传媒有限公司大学,广州,绿色建筑设计,徐教授,实验资源丰富，重视实践能力
维旺明网络有限公司大学,南京,可再生能源建筑应用,杨教授,课题方向契合国家战略，发展前景好
鑫博腾飞信息有限公司大学,成都,热舒适研究,王教授,导师指导细致，团队合作密切
四通传媒有限公司大学,广州,可再生能源建筑应用,刘教授,导师指导细致，团队合作密切
维涛科技有限公司大学,西安,智能控制,韦教授,实验资源丰富，重视实践能力
海创科技有限公司大学,成都,碳中和技术,张教授,课题方向契合国家战略，发展前景好
富罳网络有限公司大学,重庆,建筑节能,杨教授,实验资源丰富，重视实践能力
太极网络有限公司大学,上海,热舒适研究,徐教授,适合从事建筑节能与智能化研究
网新恒天信息有限公司大学,哈尔滨,建筑通风系统设计,李教授,适合从事建筑节能与智能化研究
南康传媒有限公司大学,上海,暖通系统仿真,李教授,课题方向契合国家战略，发展前景好
双敏电子传媒有限公司大学,上海,可再生能源建筑应用,周教授,课题方向契合国家战略，发展前景好
富罳信息有限公司大学,哈尔滨,绿色建筑设计,樊教授,实验资源丰富，重视实践能力
合联电子科技有限公司大学,南京,绿色建筑设计,薛教授,导师指导细致，团队合作密切
立信电子传媒有限公司大学,沈阳,建筑节能,张教授,科研氛围浓厚，适合深入发展
立信电子信息有限公司大学,北京,建筑环境与能源应用工程,马教授,适合从事建筑节能与智能化研究
海创传媒有限公司大学,武汉,建筑环境与能源应用工程,张教授,导师指导细致，团队合作密切
彩虹传媒有限公司大学,广州,建筑通风系统设计,裴教授,适合从事建筑节能与智能化研究
浦华众城信息有限公司大学,南京,可再生能源建筑应用,黄教授,科研氛围浓厚，适合深入发展
维旺明传媒有限公司大学,北京,室内环境控制,李教授,实验资源丰富，重视实践能力
飞利信科技有限公司大学,西安,建筑通风系统设计,刘教授,实验资源丰富，重视实践能力
时空盒数字科技有限公司大学,哈尔滨,可再生能源建筑应用,马教授,导师指导细致，团队合作密切
明腾信息有限公司大学,上海,建筑节能,张教授,适合从事建筑节能与智能化研究
MBP软件科技有限公司大学,成都,可再生能源建筑应用,徐教授,课题方向契合国家战略，发展前景好
创联世纪网络有限公司大学,北京,暖通系统仿真,潘教授,课题方向契合国家战略，发展前景好
天开传媒有限公司大学,南京,碳中和技术,王教授,适合从事建筑节能与智能化研究
凌颖信息网络有限公司大学,广州,室内环境控制,王教授,导师指导细致，团队合作密切
数字100科技有限公司大学,青岛,建筑设备与自动化,吕教授,适合从事建筑节能与智能化研究
良诺科技有限公司大学,沈阳,可再生能源建筑应用,王教授,导师指导细致，团队合作密切
毕博诚科技有限公司大学,北京,可再生能源建筑应用,谢教授,适合从事建筑节能与智能化研究
同兴万点网络有限公司大学,南京,碳中和技术,赵教授,科研氛围浓厚，适合深入发展
新宇龙信息科技有限公司大学,上海,建筑设备与自动化,侯教授,导师指导细致，团队合作密切
飞利信网络有限公司大学,武汉,室内环境控制,阎教授,适合从事建筑节能与智能化研究
时空盒数字网络有限公司大学,成都,建筑节能,周教授,实验资源丰富，重视实践能力
创汇科技有限公司大学,西安,绿色建筑设计,龙教授,导师指导细致，团队合作密切
太极科技有限公司大学,青岛,建筑环境与能源应用工程,蔡教授,科研氛围浓厚，适合深入发展
济南亿次元传媒有限公司大学,青岛,热舒适研究,谢教授,科研氛围浓厚，适合深入发展
国讯网络有限公司大学,西安,可再生能源建筑应用,黄教授,适合从事建筑节能与智能化研究
惠派国际公司网络有限公司大学,青岛,室内环境控制,金教授,实验资源丰富，重视实践能力
精芯传媒有限公司大学,哈尔滨,绿色建筑设计,陈教授,科研氛围浓厚，适合深入发展
济南亿次元网络有限公司大学,南京,可再生能源建筑应用,简教授,导师指导细致，团队合作密切
艾提科信科技有限公司大学,重庆,建筑环境与能源应用工程,李教授,导师指导细致，团队合作密切
晖来计算机网络有限公司大学,南京,建筑设备与自动化,王教授,课题方向契合国家战略，发展前景好
太极网络有限公司大学,西安,建筑节能,杜教授,课题方向契合国家战略，发展前景好
凌颖信息信息有限公司大学,南京,建筑环境与能源应用工程,李教授,科研氛围浓厚，适合深入发展
易动力网络有限公司大学,广州,建筑节能,郭教授,实验资源丰富，重视实践能力
维涛网络有限公司大学,上海,绿色建筑设计,卢教授,导师指导细致，团队合作密切
明腾科技有限公司大学,重庆,碳中和技术,蒋教授,科研氛围浓厚，适合深入发展
时空盒数字网络有限公司大学,青岛,暖通系统仿真,李教授,适合从事建筑节能与智能化研究
襄樊地球村科技有限公司大学,武汉,室内环境控制,霍教授,实验资源丰富，重视实践能力
创汇科技有限公司大学,天津,可再生能源建筑应用,李教授,科研氛围浓厚，适合深入发展
七喜网络有限公司大学,武汉,建筑节能,王教授,课题方向契合国家战略，发展前景好
时刻传媒有限公司大学,哈尔滨,建筑环境与能源应用工程,王教授,实验资源丰富，重视实践能力
凌颖信息科技有限公司大学,天津,室内环境控制,张教授,适合从事建筑节能与智能化研究
巨奥网络有限公司大学,天津,建筑节能,郭教授,课题方向契合国家战略，发展前景好
艾提科信科技有限公司大学,南京,碳中和技术,杨教授,导师指导细致，团队合作密切
盟新网络有限公司大学,广州,绿色建筑设计,赵教授,导师指导细致，团队合作密切
浦华众城科技有限公司大学,青岛,绿色建筑设计,张教授,课题方向契合国家战略，发展前景好
佳禾科技有限公司大学,成都,可再生能源建筑应用,王教授,实验资源丰富，重视实践能力
商软冠联科技有限公司大学,广州,建筑环境与能源应用工程,殷教授,科研氛围浓厚，适合深入发展
泰麒麟科技有限公司大学,武汉,热舒适研究,陈教授,科研氛围浓厚，适合深入发展
盟新网络有限公司大学,天津,绿色建筑设计,陈教授,课题方向契合国家战略，发展前景好
合联电子网络有限公司大学,沈阳,建筑通风系统设计,张教授,适合从事建筑节能与智能化研究
群英信息有限公司大学,天津,建筑设备与自动化,孙教授,科研氛围浓厚，适合深入发展
万迅电脑信息有限公司大学,武汉,碳中和技术,周教授,科研氛围浓厚，适合深入发展
时空盒数字信息有限公司大学,哈尔滨,室内环境控制,靳教授,课题方向契合国家战略，发展前景好
中建创业信息有限公司大学,广州,暖通系统仿真,刘教授,适合从事建筑节能与智能化研究
惠派国际公司科技有限公司大学,广州,建筑节能,张教授,导师指导细致，团队合作密切
艾提科信科技有限公司大学,上海,建筑通风系统设计,赵教授,导师指导细致，团队合作密切
鸿睿思博网络有限公司大学,武汉,建筑环境与能源应用工程,吴教授,适合从事建筑节能与智能化研究
兰金电子科技有限公司大学,哈尔滨,智能控制,杜教授,实验资源丰富，重视实践能力
黄石金承信息有限公司大学,天津,热舒适研究,刘教授,导师指导细致，团队合作密切
创联世纪网络有限公司大学,南京,暖通系统仿真,李教授,课题方向契合国家战略，发展前景好
方正科技信息有限公司大学,广州,绿色建筑设计,赵教授,适合从事建筑节能与智能化研究
惠派国际公司网络有限公司大学,上海,建筑设备与自动化,刘教授,课题方向契合国家战略，发展前景好
富罳科技有限公司大学,沈阳,建筑通风系统设计,黄教授,适合从事建筑节能与智能化研究
襄樊地球村科技有限公司大学,天津,绿色建筑设计,许教授,科研氛围浓厚，适合深入发展
维旺明科技有限公司大学,天津,绿色建筑设计,伍教授,实验资源丰富，重视实践能力
盟新传媒有限公司大学,青岛,碳中和技术,黄教授,适合从事建筑节能与智能化研究
华泰通安传媒有限公司大学,天津,建筑通风系统设计,黄教授,课题方向契合国家战略，发展前景好
明腾传媒有限公司大学,上海,建筑节能,郑教授,实验资源丰富，重视实践能力
创联世纪科技有限公司大学,成都,热舒适研究,胡教授,科研氛围浓厚，适合深入发展
商软冠联网络有限公司大学,上海,可再生能源建筑应用,许教授,导师指导细致，团队合作密切
华成育卓网络有限公司大学,哈尔滨,热舒适研究,车教授,实验资源丰富，重视实践能力
合联电子网络有限公司大学,哈尔滨,建筑环境与能源应用工程,范教授,课题方向契合国家战略，发展前景好
襄樊地球村传媒有限公司大学,上海,室内环境控制,吕教授,导师指导细致，团队合作密切
联通时科传媒有限公司大学,广州,可再生能源建筑应用,冯教授,适合从事建筑节能与智能化研究
浦华众城科技有限公司大学,天津,室内环境控制,王教授,课题方向契合国家战略，发展前景好
图龙信息科技有限公司大学,南京,热舒适研究,苏教授,课题方向契合国家战略，发展前景好
明腾网络有限公司大学,武汉,绿色建筑设计,李教授,实验资源丰富，重视实践能力
MBP软件科技有限公司大学,重庆,可再生能源建筑应用,何教授,实验资源丰富，重视实践能力
开发区世创传媒有限公司大学,青岛,室内环境控制,姚教授,适合从事建筑节能与智能化研究
鸿睿思博传媒有限公司大学,成都,建筑设备与自动化,李教授,实验资源丰富，重视实践能力
华泰通安网络有限公司大学,广州,室内环境控制,王教授,导师指导细致，团队合作密切
戴硕电子信息有限公司大学,西安,建筑设备与自动化,沈教授,适合从事建筑节能与智能化研究
群英网络有限公司大学,南京,绿色建筑设计,刘教授,课题方向契合国家战略，发展前景好
时空盒数字传媒有限公司大学,西安,可再生能源建筑应用,黄教授,课题方向契合国家战略，发展前景好
趋势科技有限公司大学,青岛,绿色建筑设计,梁教授,课题方向契合国家战略，发展前景好
MBP软件信息有限公司大学,青岛,碳中和技术,毛教授,科研氛围浓厚，适合深入发展
诺依曼软件传媒有限公司大学,重庆,建筑节能,李教授,课题方向契合国家战略，发展前景好
恒聪百汇传媒有限公司大学,南京,建筑环境与能源应用工程,张教授,导师指导细致，团队合作密切
巨奥网络有限公司大学,沈阳,暖通系统仿真,冷教授,导师指导细致，团队合作密切
凌颖信息信息有限公司大学,重庆,绿色建筑设计,陈教授,课题方向契合国家战略，发展前景好
明腾传媒有限公司大学,成都,绿色建筑设计,邓教授,科研氛围浓厚，适合深入发展
兰金电子传媒有限公司大学,上海,碳中和技术,谷教授,导师指导细致，团队合作密切
新宇龙信息信息有限公司大学,上海,智能控制,罗教授,科研氛围浓厚，适合深入发展
恒聪百汇信息有限公司大学,西安,绿色建筑设计,吴教授,科研氛围浓厚，适合深入发展
惠派国际公司科技有限公司大学,南京,建筑设备与自动化,黄教授,适合从事建筑节能与智能化研究
昂歌信息科技有限公司大学,西安,暖通系统仿真,刘教授,实验资源丰富，重视实践能力
维涛传媒有限公司大学,广州,可再生能源建筑应用,方教授,适合从事建筑节能与智能化研究
恩悌传媒有限公司大学,天津,室内环境控制,杨教授,实验资源丰富，重视实践能力
华远软件网络有限公司大学,武汉,智能控制,张教授,适合从事建筑节能与智能化研究
天开网络有限公司大学,青岛,热舒适研究,徐教授,导师指导细致，团队合作密切
诺依曼软件科技有限公司大学,天津,建筑设备与自动化,梁教授,适合从事建筑节能与智能化研究
华远软件信息有限公司大学,广州,碳中和技术,邹教授,实验资源丰富，重视实践能力
新格林耐特信息有限公司大学,武汉,热舒适研究,杨教授,科研氛围浓厚，适合深入发展
盟新科技有限公司大学,北京,建筑通风系统设计,胡教授,科研氛围浓厚，适合深入发展
图龙信息信息有限公司大学,青岛,建筑节能,程教授,实验资源丰富，重视实践能力
银嘉信息有限公司大学,南京,可再生能源建筑应用,曹教授,课题方向契合国家战略，发展前景好
商软冠联网络有限公司大学,上海,建筑环境与能源应用工程,张教授,适合从事建筑节能与智能化研究
合联电子网络有限公司大学,广州,建筑通风系统设计,张教授,适合从事建筑节能与智能化研究
诺依曼软件传媒有限公司大学,西安,碳中和技术,张教授,实验资源丰富，重视实践能力
四通科技有限公司大学,哈尔滨,绿色建筑设计,刘教授,实验资源丰富，重视实践能力
华远软件科技有限公司大学,西安,热舒适研究,丁教授,导师指导细致，团队合作密切
新宇龙信息传媒有限公司大学,西安,碳中和技术,蔡教授,课题方向契合国家战略，发展前景好
超艺传媒有限公司大学,重庆,建筑节能,刘教授,适合从事建筑节能与智能化研究
盟新科技有限公司大学,上海,暖通系统仿真,王教授,科研氛围浓厚，适合深入发展
商软冠联网络有限公司大学,青岛,室内环境控制,刘教授,导师指导细致，团队合作密切
昂歌信息信息有限公司大学,武汉,可再生能源建筑应用,王教授,导师指导细致，团队合作密切
立信电子信息有限公司大学,西安,室内环境控制,甄教授,科研氛围浓厚，适合深入发展
东方峻景信息有限公司大学,沈阳,室内环境控制,窦教授,适合从事建筑节能与智能化研究
维旺明信息有限公司大学,广州,智能控制,王教授,科研氛围浓厚，适合深入发展
戴硕电子传媒有限公司大学,青岛,绿色建筑设计,张教授,实验资源丰富，重视实践能力
戴硕电子传媒有限公司大学,天津,碳中和技术,张教授,适合从事建筑节能与智能化研究
合联电子科技有限公司大学,北京,可再生能源建筑应用,郑教授,适合从事建筑节能与智能化研究
群英网络有限公司大学,北京,可再生能源建筑应用,王教授,适合从事建筑节能与智能化研究
维涛传媒有限公司大学,沈阳,智能控制,刘教授,导师指导细致，团队合作密切
华泰通安科技有限公司大学,成都,智能控制,张教授,适合从事建筑节能与智能化研究
鑫博腾飞网络有限公司大学,北京,室内环境控制,李教授,导师指导细致，团队合作密切
思优传媒有限公司大学,重庆,绿色建筑设计,谢教授,科研氛围浓厚，适合深入发展
华成育卓网络有限公司大学,广州,室内环境控制,许教授,实验资源丰富，重视实践能力
创汇网络有限公司大学,成都,暖通系统仿真,叶教授,实验资源丰富，重视实践能力
商软冠联传媒有限公司大学,上海,碳中和技术,温教授,实验资源丰富，重视实践能力
佳禾科技有限公司大学,西安,建筑设备与自动化,孔教授,课题方向契合国家战略，发展前景好
巨奥信息有限公司大学,成都,热舒适研究,李教授,课题方向契合国家战略，发展前景好
银嘉传媒有限公司大学,青岛,绿色建筑设计,王教授,课题方向契合国家战略，发展前景好
联软传媒有限公司大学,青岛,建筑设备与自动化,刘教授,课题方向契合国家战略，发展前景好
商软冠联传媒有限公司大学,武汉,热舒适研究,彭教授,导师指导细致，团队合作密切
时刻网络有限公司大学,武汉,碳中和技术,李教授,适合从事建筑节能与智能化研究
迪摩科技有限公司大学,成都,热舒适研究,张教授,适合从事建筑节能与智能化研究
艾提科信信息有限公司大学,北京,建筑通风系统设计,石教授,课题方向契合国家战略，发展前景好
巨奥传媒有限公司大学,广州,可再生能源建筑应用,王教授,实验资源丰富，重视实践能力
信诚致远科技有限公司大学,武汉,暖通系统仿真,刘教授,实验资源丰富，重视实践能力
商软冠联科技有限公司大学,南京,建筑环境与能源应用工程,高教授,课题方向契合国家战略，发展前景好
易动力科技有限公司大学,上海,可再生能源建筑应用,张教授,课题方向契合国家战略，发展前景好
迪摩网络有限公司大学,南京,室内环境控制,葛教授,课题方向契合国家战略，发展前景好
艾提科信科技有限公司大学,青岛,智能控制,伍教授,科研氛围浓厚，适合深入发展
信诚致远网络有限公司大学,西安,智能控制,周教授,适合从事建筑节能与智能化研究
思优传媒有限公司大学,南京,建筑设备与自动化,赵教授,适合从事建筑节能与智能化研究
浦华众城科技有限公司大学,沈阳,碳中和技术,雷教授,科研氛围浓厚，适合深入发展
飞海科技网络有限公司大学,武汉,绿色建筑设计,张教授,科研氛围浓厚，适合深入发展
佳禾传媒有限公司大学,成都,建筑环境与能源应用工程,郭教授,课题方向契合国家战略，发展前景好
信诚致远科技有限公司大学,广州,可再生能源建筑应用,王教授,导师指导细致，团队合作密切
巨奥科技有限公司大学,重庆,可再生能源建筑应用,谭教授,导师指导细致，团队合作密切
创汇网络有限公司大学,重庆,碳中和技术,胡教授,实验资源丰富，重视实践能力
惠派国际公司科技有限公司大学,沈阳,碳中和技术,洪教授,科研氛围浓厚，适合深入发展
时刻传媒有限公司大学,天津,绿色建筑设计,赵教授,科研氛围浓厚，适合深入发展
银嘉传媒有限公司大学,西安,绿色建筑设计,蔡教授,导师指导细致，团队合作密切
雨林木风计算机科技有限公司大学,上海,热舒适研究,谢教授,适合从事建筑节能与智能化研究
开发区世创网络有限公司大学,南京,建筑节能,毕教授,课题方向契合国家战略，发展前景好
海创网络有限公司大学,成都,建筑节能,单教授,适合从事建筑节能与智能化研究
艾提科信网络有限公司大学,上海,智能控制,张教授,导师指导细致，团队合作密切
菊风公司传媒有限公司大学,沈阳,建筑节能,余教授,导师指导细致，团队合作密切
飞海科技信息有限公司大学,上海,建筑节能,刘教授,课题方向契合国家战略，发展前景好
超艺信息有限公司大学,武汉,智能控制,王教授,课题方向契合国家战略，发展前景好
恒聪百汇传媒有限公司大学,武汉,建筑节能,马教授,导师指导细致，团队合作密切
雨林木风计算机科技有限公司大学,哈尔滨,建筑环境与能源应用工程,刘教授,科研氛围浓厚，适合深入发展
富罳传媒有限公司大学,哈尔滨,建筑节能,王教授,导师指导细致，团队合作密切
兰金电子网络有限公司大学,成都,绿色建筑设计,温教授,实验资源丰富，重视实践能力
MBP软件信息有限公司大学,西安,可再生能源建筑应用,郑教授,科研氛围浓厚，适合深入发展
商软冠联传媒有限公司大学,北京,室内环境控制,张教授,适合从事建筑节能与智能化研究
创汇科技有限公司大学,沈阳,建筑通风系统设计,陶教授,导师指导细致，团队合作密切
巨奥科技有限公司大学,青岛,室内环境控制,李教授,导师指导细致，团队合作密切
联通时科传媒有限公司大学,成都,建筑节能,马教授,适合从事建筑节能与智能化研究
彩虹信息有限公司大学,北京,暖通系统仿真,姜教授,适合从事建筑节能与智能化研究
恩悌科技有限公司大学,青岛,建筑通风系统设计,丁教授,科研氛围浓厚，适合深入发展
创联世纪信息有限公司大学,西安,建筑设备与自动化,刘教授,适合从事建筑节能与智能化研究
毕博诚传媒有限公司大学,重庆,建筑设备与自动化,吴教授,科研氛围浓厚，适合深入发展
浦华众城传媒有限公司大学,天津,建筑环境与能源应用工程,张教授,科研氛围浓厚，适合深入发展
银嘉传媒有限公司大学,重庆,绿色建筑设计,童教授,课题方向契合国家战略，发展前景好
华泰通安传媒有限公司大学,沈阳,智能控制,王教授,实验资源丰富，重视实践能力
昂歌信息信息有限公司大学,沈阳,可再生能源建筑应用,王教授,课题方向契合国家战略，发展前景好
通际名联网络有限公司大学,武汉,建筑节能,蔡教授,适合从事建筑节能与智能化研究
太极科技有限公司大学,哈尔滨,建筑节能,张教授,适合从事建筑节能与智能化研究
天益信息有限公司大学,成都,碳中和技术,高教授,导师指导细致，团队合作密切
思优传媒有限公司大学,西安,智能控制,戴教授,科研氛围浓厚，适合深入发展
时空盒数字信息有限公司大学,武汉,智能控制,汪教授,科研氛围浓厚，适合深入发展
南康科技有限公司大学,青岛,建筑设备与自动化,王教授,课题方向契合国家战略，发展前景好
开发区世创网络有限公司大学,北京,智能控制,苑教授,适合从事建筑节能与智能化研究
天开网络有限公司大学,哈尔滨,智能控制,王教授,课题方向契合国家战略，发展前景好
通际名联科技有限公司大学,西安,智能控制,钟教授,适合从事建筑节能与智能化研究
浦华众城信息有限公司大学,武汉,建筑设备与自动化,吕教授,科研氛围浓厚，适合深入发展
新宇龙信息科技有限公司大学,沈阳,碳中和技术,梁教授,导师指导细致，团队合作密切
趋势科技有限公司大学,北京,建筑环境与能源应用工程,武教授,科研氛围浓厚，适合深入发展
时刻科技有限公司大学,广州,建筑通风系统设计,杨教授,实验资源丰富，重视实践能力
联软科技有限公司大学,成都,智能控制,宋教授,课题方向契合国家战略，发展前景好
菊风公司传媒有限公司大学,哈尔滨,绿色建筑设计,毛教授,导师指导细致，团队合作密切
迪摩网络有限公司大学,哈尔滨,建筑节能,周教授,实验资源丰富，重视实践能力
恒聪百汇信息有限公司大学,沈阳,建筑环境与能源应用工程,曾教授,适合从事建筑节能与智能化研究
兰金电子科技有限公司大学,西安,智能控制,关教授,科研氛围浓厚，适合深入发展
毕博诚网络有限公司大学,成都,建筑环境与能源应用工程,孙教授,适合从事建筑节能与智能化研究
富罳传媒有限公司大学,成都,建筑节能,李教授,实验资源丰富，重视实践能力
立信电子信息有限公司大学,青岛,建筑通风系统设计,辛教授,科研氛围浓厚，适合深入发展
国讯传媒有限公司大学,西安,暖通系统仿真,王教授,适合从事建筑节能与智能化研究
华泰通安网络有限公司大学,北京,暖通系统仿真,王教授,适合从事建筑节能与智能化研究
鑫博腾飞传媒有限公司大学,南京,建筑节能,牛教授,课题方向契合国家战略，发展前景好
易动力传媒有限公司大学,成都,热舒适研究,张教授,导师指导细致，团队合作密切
晖来计算机网络有限公司大学,重庆,暖通系统仿真,储教授,导师指导细致，团队合作密切
凌云信息有限公司大学,北京,建筑环境与能源应用工程,王教授,适合从事建筑节能与智能化研究
盟新科技有限公司大学,北京,可再生能源建筑应用,秦教授,课题方向契合国家战略，发展前景好
华成育卓网络有限公司大学,哈尔滨,建筑节能,高教授,适合从事建筑节能与智能化研究
富罳科技有限公司大学,北京,建筑设备与自动化,孟教授,科研氛围浓厚，适合深入发展
昂歌信息传媒有限公司大学,西安,碳中和技术,刘教授,导师指导细致，团队合作密切
凌云传媒有限公司大学,西安,暖通系统仿真,李教授,科研氛围浓厚，适合深入发展
创汇信息有限公司大学,南京,建筑通风系统设计,赵教授,课题方向契合国家战略，发展前景好
新格林耐特信息有限公司大学,南京,暖通系统仿真,张教授,课题方向契合国家战略，发展前景好
时刻传媒有限公司大学,天津,热舒适研究,丁教授,科研氛围浓厚，适合深入发展
银嘉信息有限公司大学,哈尔滨,热舒适研究,陈教授,导师指导细致，团队合作密切
群英传媒有限公司大学,上海,绿色建筑设计,唐教授,科研氛围浓厚，适合深入发展
双敏电子科技有限公司大学,青岛,智能控制,隋教授,课题方向契合国家战略，发展前景好
佳禾科技有限公司大学,天津,智能控制,魏教授,课题方向契合国家战略，发展前景好
佳禾传媒有限公司大学,沈阳,绿色建筑设计,郑教授,实验资源丰富，重视实践能力
新宇龙信息信息有限公司大学,沈阳,碳中和技术,王教授,科研氛围浓厚，适合深入发展
天开信息有限公司大学,南京,建筑通风系统设计,黄教授,适合从事建筑节能与智能化研究
超艺网络有限公司大学,武汉,热舒适研究,陈教授,课题方向契合国家战略，发展前景好
浦华众城信息有限公司大学,西安,可再生能源建筑应用,施教授,科研氛围浓厚，适合深入发展
兰金电子信息有限公司大学,广州,智能控制,李教授,科研氛围浓厚，适合深入发展
同兴万点信息有限公司大学,广州,暖通系统仿真,周教授,课题方向契合国家战略，发展前景好
昊嘉信息有限公司大学,西安,建筑节能,李教授,实验资源丰富，重视实践能力
华成育卓信息有限公司大学,南京,绿色建筑设计,马教授,科研氛围浓厚，适合深入发展
银嘉传媒有限公司大学,武汉,建筑节能,黄教授,科研氛围浓厚，适合深入发展
方正科技网络有限公司大学,重庆,建筑通风系统设计,李教授,实验资源丰富，重视实践能力
盟新网络有限公司大学,哈尔滨,建筑环境与能源应用工程,徐教授,导师指导细致，团队合作密切
雨林木风计算机信息有限公司大学,上海,可再生能源建筑应用,李教授,实验资源丰富，重视实践能力
鑫博腾飞科技有限公司大学,北京,智能控制,王教授,导师指导细致，团队合作密切
凌云信息有限公司大学,北京,可再生能源建筑应用,张教授,科研氛围浓厚，适合深入发展
黄石金承科技有限公司大学,哈尔滨,绿色建筑设计,杨教授,适合从事建筑节能与智能化研究
快讯科技有限公司大学,西安,建筑环境与能源应用工程,李教授,导师指导细致，团队合作密切
四通传媒有限公司大学,沈阳,碳中和技术,应教授,导师指导细致，团队合作密切
精芯科技有限公司大学,武汉,热舒适研究,钟教授,课题方向契合国家战略，发展前景好
中建创业科技有限公司大学,重庆,可再生能源建筑应用,邓教授,课题方向契合国家战略，发展前景好
东方峻景信息有限公司大学,成都,建筑通风系统设计,徐教授,科研氛围浓厚，适合深入发展
创汇传媒有限公司大学,天津,建筑环境与能源应用工程,周教授,导师指导细致，团队合作密切
天益传媒有限公司大学,武汉,室内环境控制,丁教授,课题方向契合国家战略，发展前景好
昊嘉网络有限公司大学,南京,建筑环境与能源应用工程,周教授,适合从事建筑节能与智能化研究
快讯信息有限公司大学,青岛,建筑设备与自动化,林教授,实验资源丰富，重视实践能力
明腾传媒有限公司大学,南京,建筑设备与自动化,黄教授,实验资源丰富，重视实践能力
万迅电脑科技有限公司大学,哈尔滨,可再生能源建筑应用,吴教授,导师指导细致，团队合作密切
和泰信息有限公司大学,南京,碳中和技术,张教授,课题方向契合国家战略，发展前景好
超艺网络有限公司大学,武汉,室内环境控制,顾教授,科研氛围浓厚，适合深入发展
超艺信息有限公司大学,北京,建筑通风系统设计,邓教授,导师指导细致，团队合作密切
晖来计算机传媒有限公司大学,西安,建筑环境与能源应用工程,陈教授,实验资源丰富，重视实践能力
维涛科技有限公司大学,北京,碳中和技术,王教授,科研氛围浓厚，适合深入发展
佳禾信息有限公司大学,天津,智能控制,刘教授,课题方向契合国家战略，发展前景好
浙大万朋科技有限公司大学,上海,室内环境控制,萧教授,适合从事建筑节能与智能化研究
华远软件信息有限公司大学,南京,智能控制,田教授,课题方向契合国家战略，发展前景好
图龙信息信息有限公司大学,北京,建筑节能,贾教授,导师指导细致，团队合作密切
群英科技有限公司大学,天津,建筑环境与能源应用工程,周教授,导师指导细致，团队合作密切
浙大万朋科技有限公司大学,天津,建筑设备与自动化,唐教授,科研氛围浓厚，适合深入发展
海创网络有限公司大学,成都,碳中和技术,赵教授,科研氛围浓厚，适合深入发展
飞海科技科技有限公司大学,武汉,建筑通风系统设计,张教授,导师指导细致，团队合作密切
同兴万点网络有限公司大学,成都,建筑设备与自动化,黄教授,课题方向契合国家战略，发展前景好
四通网络有限公司大学,天津,建筑设备与自动化,吴教授,导师指导细致，团队合作密切
南康信息有限公司大学,武汉,绿色建筑设计,吕教授,适合从事建筑节能与智能化研究
浦华众城信息有限公司大学,南京,建筑环境与能源应用工程,夏教授,实验资源丰富，重视实践能力
华泰通安传媒有限公司大学,广州,绿色建筑设计,崔教授,课题方向契合国家战略，发展前景好
双敏电子传媒有限公司大学,天津,可再生能源建筑应用,包教授,科研氛围浓厚，适合深入发展
超艺网络有限公司大学,青岛,可再生能源建筑应用,郭教授,导师指导细致，团队合作密切
菊风公司信息有限公司大学,广州,室内环境控制,梁教授,实验资源丰富，重视实践能力
新格林耐特科技有限公司大学,广州,建筑节能,刘教授,科研氛围浓厚，适合深入发展
恒聪百汇网络有限公司大学,上海,热舒适研究,黄教授,实验资源丰富，重视实践能力
联通时科科技有限公司大学,武汉,室内环境控制,孙教授,课题方向契合国家战略，发展前景好
方正科技网络有限公司大学,广州,绿色建筑设计,潘教授,课题方向契合国家战略，发展前景好
趋势传媒有限公司大学,哈尔滨,室内环境控制,彭教授,科研氛围浓厚，适合深入发展
银嘉网络有限公司大学,成都,可再生能源建筑应用,王教授,实验资源丰富，重视实践能力
太极传媒有限公司大学,北京,建筑节能,李教授,实验资源丰富，重视实践能力
鑫博腾飞传媒有限公司大学,广州,建筑设备与自动化,帅教授,适合从事建筑节能与智能化研究
双敏电子网络有限公司大学,广州,建筑通风系统设计,卢教授,课题方向契合国家战略，发展前景好
昊嘉传媒有限公司大学,成都,碳中和技术,张教授,导师指导细致，团队合作密切
和泰科技有限公司大学,上海,建筑环境与能源应用工程,乔教授,科研氛围浓厚，适合深入发展
凌颖信息信息有限公司大学,南京,可再生能源建筑应用,齐教授,科研氛围浓厚，适合深入发展
立信电子传媒有限公司大学,成都,暖通系统仿真,陈教授,适合从事建筑节能与智能化研究
同兴万点网络有限公司大学,天津,建筑节能,陈教授,科研氛围浓厚，适合深入发展
新宇龙信息传媒有限公司大学,重庆,建筑节能,赵教授,课题方向契合国家战略，发展前景好
彩虹信息有限公司大学,广州,建筑环境与能源应用工程,王教授,导师指导细致，团队合作密切
华远软件信息有限公司大学,武汉,室内环境控制,许教授,科研氛围浓厚，适合深入发展
国讯科技有限公司大学,西安,室内环境控制,潘教授,科研氛围浓厚，适合深入发展
飞利信传媒有限公司大学,武汉,暖通系统仿真,林教授,导师指导细致，团队合作密切
立信电子传媒有限公司大学,北京,可再生能源建筑应用,刘教授,课题方向契合国家战略，发展前景好
数字100科技有限公司大学,成都,碳中和技术,范教授,课题方向契合国家战略，发展前景好
凌颖信息科技有限公司大学,青岛,碳中和技术,田教授,适合从事建筑节能与智能化研究
黄石金承网络有限公司大学,沈阳,建筑通风系统设计,李教授,适合从事建筑节能与智能化研究
九方科技有限公司大学,北京,暖通系统仿真,吴教授,导师指导细致，团队合作密切
联软科技有限公司大学,广州,建筑节能,隆教授,课题方向契合国家战略，发展前景好
时刻网络有限公司大学,广州,建筑通风系统设计,金教授,实验资源丰富，重视实践能力
凌颖信息网络有限公司大学,西安,碳中和技术,钟教授,课题方向契合国家战略，发展前景好
七喜传媒有限公司大学,重庆,建筑通风系统设计,李教授,适合从事建筑节能与智能化研究
雨林木风计算机网络有限公司大学,重庆,碳中和技术,汪教授,科研氛围浓厚，适合深入发展
昊嘉网络有限公司大学,北京,可再生能源建筑应用,高教授,导师指导细致，团队合作密切
华成育卓信息有限公司大学,哈尔滨,碳中和技术,李教授,导师指导细致，团队合作密切
富罳网络有限公司大学,北京,建筑设备与自动化,彭教授,实验资源丰富，重视实践能力
济南亿次元科技有限公司大学,天津,智能控制,万教授,实验资源丰富，重视实践能力
数字100科技有限公司大学,青岛,绿色建筑设计,张教授,导师指导细致，团队合作密切
迪摩网络有限公司大学,哈尔滨,室内环境控制,邱教授,课题方向契合国家战略，发展前景好
富罳传媒有限公司大学,重庆,智能控制,张教授,实验资源丰富，重视实践能力
立信电子科技有限公司大学,青岛,建筑通风系统设计,徐教授,科研氛围浓厚，适合深入发展
海创网络有限公司大学,西安,可再生能源建筑应用,孔教授,科研氛围浓厚，适合深入发展
浦华众城信息有限公司大学,北京,室内环境控制,蓝教授,科研氛围浓厚，适合深入发展
凌颖信息信息有限公司大学,北京,可再生能源建筑应用,王教授,实验资源丰富，重视实践能力
创汇科技有限公司大学,北京,暖通系统仿真,邓教授,导师指导细致，团队合作密切
开发区世创信息有限公司大学,广州,绿色建筑设计,唐教授,实验资源丰富，重视实践能力
华远软件信息有限公司大学,哈尔滨,绿色建筑设计,李教授,课题方向契合国家战略，发展前景好
时刻科技有限公司大学,西安,热舒适研究,李教授,导师指导细致，团队合作密切
济南亿次元网络有限公司大学,重庆,建筑环境与能源应用工程,蒙教授,课题方向契合国家战略，发展前景好
时空盒数字传媒有限公司大学,西安,可再生能源建筑应用,杨教授,实验资源丰富，重视实践能力
艾提科信传媒有限公司大学,哈尔滨,智能控制,赵教授,实验资源丰富，重视实践能力
七喜信息有限公司大学,沈阳,暖通系统仿真,王教授,课题方向契合国家战略，发展前景好
佳禾传媒有限公司大学,武汉,建筑设备与自动化,陈教授,实验资源丰富，重视实践能力
双敏电子科技有限公司大学,南京,建筑节能,张教授,实验资源丰富，重视实践能力
九方科技有限公司大学,广州,可再生能源建筑应用,王教授,导师指导细致，团队合作密切
太极网络有限公司大学,北京,建筑环境与能源应用工程,周教授,适合从事建筑节能与智能化研究
思优科技有限公司大学,上海,建筑通风系统设计,李教授,适合从事建筑节能与智能化研究
易动力传媒有限公司大学,成都,建筑环境与能源应用工程,王教授,科研氛围浓厚，适合深入发展
易动力信息有限公司大学,天津,建筑通风系统设计,廖教授,科研氛围浓厚，适合深入发展
四通科技有限公司大学,哈尔滨,建筑节能,蓝教授,实验资源丰富，重视实践能力
海创网络有限公司大学,广州,建筑环境与能源应用工程,郭教授,适合从事建筑节能与智能化研究
浙大万朋信息有限公司大学,上海,碳中和技术,郭教授,导师指导细致，团队合作密切
南康科技有限公司大学,哈尔滨,热舒适研究,吕教授,实验资源丰富，重视实践能力
超艺传媒有限公司大学,天津,热舒适研究,刘教授,课题方向契合国家战略，发展前景好
四通科技有限公司大学,青岛,建筑环境与能源应用工程,曹教授,科研氛围浓厚，适合深入发展
方正科技网络有限公司大学,天津,建筑通风系统设计,彭教授,适合从事建筑节能与智能化研究
趋势信息有限公司大学,重庆,建筑节能,叶教授,实验资源丰富，重视实践能力
万迅电脑科技有限公司大学,上海,暖通系统仿真,韩教授,课题方向契合国家战略，发展前景好
联软科技有限公司大学,青岛,绿色建筑设计,苏教授,导师指导细致，团队合作密切
创汇信息有限公司大学,天津,碳中和技术,赵教授,课题方向契合国家战略，发展前景好
昊嘉传媒有限公司大学,南京,智能控制,张教授,适合从事建筑节能与智能化研究
联软信息有限公司大学,沈阳,室内环境控制,张教授,课题方向契合国家战略，发展前景好
易动力传媒有限公司大学,哈尔滨,碳中和技术,韩教授,课题方向契合国家战略，发展前景好
易动力传媒有限公司大学,重庆,建筑通风系统设计,胡教授,导师指导细致，团队合作密切
华成育卓科技有限公司大学,武汉,室内环境控制,丁教授,实验资源丰富，重视实践能力
惠派国际公司传媒有限公司大学,广州,建筑环境与能源应用工程,汤教授,科研氛围浓厚，适合深入发展
诺依曼软件传媒有限公司大学,上海,建筑设备与自动化,徐教授,实验资源丰富，重视实践能力
新宇龙信息信息有限公司大学,南京,建筑设备与自动化,郝教授,课题方向契合国家战略，发展前景好
南康科技有限公司大学,重庆,建筑节能,张教授,导师指导细致，团队合作密切
济南亿次元网络有限公司大学,北京,建筑节能,丁教授,科研氛围浓厚，适合深入发展
通际名联网络有限公司大学,南京,可再生能源建筑应用,周教授,课题方向契合国家战略，发展前景好
明腾信息有限公司大学,西安,室内环境控制,许教授,科研氛围浓厚，适合深入发展
惠派国际公司信息有限公司大学,哈尔滨,热舒适研究,桂教授,科研氛围浓厚，适合深入发展
精芯网络有限公司大学,沈阳,暖通系统仿真,岳教授,课题方向契合国家战略，发展前景好
菊风公司科技有限公司大学,沈阳,建筑环境与能源应用工程,乔教授,适合从事建筑节能与智能化研究
兰金电子网络有限公司大学,广州,绿色建筑设计,李教授,适合从事建筑节能与智能化研究
时刻科技有限公司大学,重庆,建筑通风系统设计,郑教授,实验资源丰富，重视实践能力
中建创业网络有限公司大学,天津,绿色建筑设计,储教授,导师指导细致，团队合作密切
巨奥信息有限公司大学,西安,建筑节能,姜教授,课题方向契合国家战略，发展前景好
七喜科技有限公司大学,青岛,暖通系统仿真,孙教授,导师指导细致，团队合作密切
合联电子科技有限公司大学,天津,暖通系统仿真,王教授,实验资源丰富，重视实践能力
飞利信科技有限公司大学,青岛,可再生能源建筑应用,杨教授,导师指导细致，团队合作密切
趋势传媒有限公司大学,沈阳,智能控制,冯教授,适合从事建筑节能与智能化研究
和泰网络有限公司大学,北京,建筑节能,林教授,课题方向契合国家战略，发展前景好
快讯网络有限公司大学,哈尔滨,热舒适研究,李教授,科研氛围浓厚，适合深入发展
浙大万朋网络有限公司大学,青岛,热舒适研究,李教授,适合从事建筑节能与智能化研究
济南亿次元科技有限公司大学,青岛,建筑通风系统设计,张教授,实验资源丰富，重视实践能力
襄樊地球村网络有限公司大学,武汉,可再生能源建筑应用,孙教授,适合从事建筑节能与智能化研究
时刻传媒有限公司大学,武汉,暖通系统仿真,陈教授,科研氛围浓厚，适合深入发展
中建创业网络有限公司大学,武汉,建筑通风系统设计,赵教授,适合从事建筑节能与智能化研究
合联电子传媒有限公司大学,重庆,碳中和技术,傅教授,导师指导细致，团队合作密切
万迅电脑信息有限公司大学,沈阳,建筑节能,张教授,科研氛围浓厚，适合深入发展
兰金电子网络有限公司大学,青岛,室内环境控制,张教授,导师指导细致，团队合作密切
群英网络有限公司大学,广州,建筑节能,胡教授,适合从事建筑节能与智能化研究
泰麒麟网络有限公司大学,天津,智能控制,赵教授,导师指导细致，团队合作密切
同兴万点传媒有限公司大学,西安,建筑通风系统设计,杨教授,课题方向契合国家战略，发展前景好
维涛信息有限公司大学,重庆,碳中和技术,万教授,适合从事建筑节能与智能化研究
飞利信信息有限公司大学,南京,可再生能源建筑应用,刘教授,实验资源丰富，重视实践能力
群英信息有限公司大学,沈阳,智能控制,刘教授,实验资源丰富，重视实践能力
快讯传媒有限公司大学,上海,建筑环境与能源应用工程,谭教授,课题方向契合国家战略，发展前景好
艾提科信科技有限公司大学,成都,室内环境控制,苏教授,实验资源丰富，重视实践能力
商软冠联传媒有限公司大学,青岛,建筑环境与能源应用工程,刘教授,实验资源丰富，重视实践能力
迪摩传媒有限公司大学,天津,可再生能源建筑应用,刘教授,实验资源丰富，重视实践能力
图龙信息科技有限公司大学,北京,可再生能源建筑应用,顾教授,科研氛围浓厚，适合深入发展
凌颖信息传媒有限公司大学,重庆,绿色建筑设计,夏教授,导师指导细致，团队合作密切
诺依曼软件传媒有限公司大学,广州,建筑通风系统设计,严教授,科研氛围浓厚，适合深入发展
图龙信息网络有限公司大学,西安,绿色建筑设计,王教授,适合从事建筑节能与智能化研究
群英信息有限公司大学,青岛,智能控制,徐教授,课题方向契合国家战略，发展前景好
黄石金承信息有限公司大学,上海,热舒适研究,刘教授,导师指导细致，团队合作密切
群英科技有限公司大学,成都,建筑设备与自动化,李教授,导师指导细致，团队合作密切
艾提科信信息有限公司大学,天津,可再生能源建筑应用,龙教授,导师指导细致，团队合作密切
明腾网络有限公司大学,西安,建筑环境与能源应用工程,程教授,适合从事建筑节能与智能化研究
泰麒麟科技有限公司大学,成都,建筑设备与自动化,陈教授,实验资源丰富，重视实践能力
天益科技有限公司大学,重庆,室内环境控制,李教授,科研氛围浓厚，适合深入发展
商软冠联网络有限公司大学,北京,可再生能源建筑应用,高教授,导师指导细致，团队合作密切
易动力科技有限公司大学,北京,碳中和技术,张教授,实验资源丰富，重视实践能力
昊嘉网络有限公司大学,天津,建筑节能,张教授,课题方向契合国家战略，发展前景好
飞利信科技有限公司大学,南京,可再生能源建筑应用,刘教授,适合从事建筑节能与智能化研究
浙大万朋科技有限公司大学,上海,绿色建筑设计,芦教授,导师指导细致，团队合作密切
巨奥信息有限公司大学,天津,建筑环境与能源应用工程,潘教授,导师指导细致，团队合作密切
国讯信息有限公司大学,西安,可再生能源建筑应用,李教授,适合从事建筑节能与智能化研究
九方信息有限公司大学,北京,建筑环境与能源应用工程,孟教授,实验资源丰富，重视实践能力
快讯信息有限公司大学,天津,热舒适研究,严教授,科研氛围浓厚，适合深入发展
明腾信息有限公司大学,天津,建筑环境与能源应用工程,杨教授,适合从事建筑节能与智能化研究
鑫博腾飞网络有限公司大学,重庆,建筑设备与自动化,姚教授,课题方向契合国家战略，发展前景好
易动力传媒有限公司大学,广州,暖通系统仿真,袁教授,课题方向契合国家战略，发展前景好
思优网络有限公司大学,北京,建筑环境与能源应用工程,沈教授,适合从事建筑节能与智能化研究
凌云网络有限公司大学,沈阳,绿色建筑设计,余教授,适合从事建筑节能与智能化研究
四通传媒有限公司大学,青岛,建筑通风系统设计,安教授,实验资源丰富，重视实践能力
兰金电子网络有限公司大学,哈尔滨,建筑设备与自动化,孙教授,适合从事建筑节能与智能化研究
创亿传媒有限公司大学,北京,碳中和技术,高教授,导师指导细致，团队合作密切
浙大万朋网络有限公司大学,北京,绿色建筑设计,潘教授,实验资源丰富，重视实践能力
国讯信息有限公司大学,武汉,绿色建筑设计,沈教授,实验资源丰富，重视实践能力
惠派国际公司网络有限公司大学,成都,建筑通风系统设计,杨教授,科研氛围浓厚，适合深入发展
迪摩信息有限公司大学,重庆,建筑设备与自动化,李教授,课题方向契合国家战略，发展前景好
天益信息有限公司大学,天津,建筑设备与自动化,苏教授,适合从事建筑节能与智能化研究
立信电子科技有限公司大学,北京,建筑环境与能源应用工程,刘教授,科研氛围浓厚，适合深入发展
易动力信息有限公司大学,哈尔滨,热舒适研究,陈教授,适合从事建筑节能与智能化研究
超艺传媒有限公司大学,南京,建筑通风系统设计,李教授,实验资源丰富，重视实践能力
新格林耐特信息有限公司大学,上海,室内环境控制,邢教授,课题方向契合国家战略，发展前景好
昊嘉信息有限公司大学,广州,碳中和技术,何教授,适合从事建筑节能与智能化研究
鸿睿思博科技有限公司大学,上海,室内环境控制,张教授,科研氛围浓厚，适合深入发展
华成育卓网络有限公司大学,上海,热舒适研究,但教授,导师指导细致，团队合作密切
新宇龙信息信息有限公司大学,天津,热舒适研究,杨教授,实验资源丰富，重视实践能力
MBP软件传媒有限公司大学,沈阳,暖通系统仿真,郭教授,导师指导细致，团队合作密切
创联世纪网络有限公司大学,上海,碳中和技术,王教授,科研氛围浓厚，适合深入发展
时空盒数字科技有限公司大学,哈尔滨,建筑节能,丁教授,课题方向契合国家战略，发展前景好
国讯科技有限公司大学,重庆,碳中和技术,宋教授,课题方向契合国家战略，发展前景好
晖来计算机传媒有限公司大学,天津,建筑通风系统设计,范教授,导师指导细致，团队合作密切
时刻科技有限公司大学,沈阳,室内环境控制,曹教授,适合从事建筑节能与智能化研究
良诺网络有限公司大学,上海,智能控制,张教授,科研氛围浓厚，适合深入发展
佳禾传媒有限公司大学,青岛,绿色建筑设计,冯教授,适合从事建筑节能与智能化研究
鑫博腾飞传媒有限公司大学,哈尔滨,热舒适研究,沈教授,适合从事建筑节能与智能化研究
联通时科科技有限公司大学,天津,暖通系统仿真,刘教授,适合从事建筑节能与智能化研究
彩虹传媒有限公司大学,西安,建筑设备与自动化,田教授,适合从事建筑节能与智能化研究
图龙信息传媒有限公司大学,北京,碳中和技术,张教授,实验资源丰富，重视实践能力
创亿传媒有限公司大学,天津,建筑通风系统设计,谭教授,适合从事建筑节能与智能化研究
佳禾网络有限公司大学,天津,建筑设备与自动化,王教授,课题方向契合国家战略，发展前景好
浦华众城传媒有限公司大学,重庆,建筑通风系统设计,刘教授,导师指导细致，团队合作密切
凌颖信息网络有限公司大学,沈阳,室内环境控制,林教授,课题方向契合国家战略，发展前景好
超艺传媒有限公司大学,成都,暖通系统仿真,王教授,导师指导细致，团队合作密切
和泰信息有限公司大学,哈尔滨,碳中和技术,夏教授,实验资源丰富，重视实践能力
晖来计算机网络有限公司大学,沈阳,可再生能源建筑应用,傅教授,科研氛围浓厚，适合深入发展
双敏电子信息有限公司大学,武汉,建筑环境与能源应用工程,吴教授,课题方向契合国家战略，发展前景好
时空盒数字科技有限公司大学,南京,绿色建筑设计,许教授,课题方向契合国家战略，发展前景好
中建创业传媒有限公司大学,成都,热舒适研究,容教授,实验资源丰富，重视实践能力
网新恒天信息有限公司大学,重庆,建筑设备与自动化,杨教授,实验资源丰富，重视实践能力
信诚致远科技有限公司大学,北京,建筑通风系统设计,李教授,导师指导细致，团队合作密切
联软信息有限公司大学,重庆,可再生能源建筑应用,萧教授,实验资源丰富，重视实践能力
良诺网络有限公司大学,上海,室内环境控制,曾教授,科研氛围浓厚，适合深入发展
明腾科技有限公司大学,天津,碳中和技术,隆教授,适合从事建筑节能与智能化研究
易动力信息有限公司大学,成都,热舒适研究,陈教授,科研氛围浓厚，适合深入发展
南康科技有限公司大学,沈阳,智能控制,侯教授,导师指导细致，团队合作密切
思优网络有限公司大学,成都,绿色建筑设计,李教授,导师指导细致，团队合作密切
精芯传媒有限公司大学,重庆,碳中和技术,张教授,导师指导细致，团队合作密切
恒聪百汇科技有限公司大学,广州,建筑设备与自动化,陈教授,导师指导细致，团队合作密切
太极科技有限公司大学,广州,建筑设备与自动化,张教授,课题方向契合国家战略，发展前景好
时空盒数字信息有限公司大学,沈阳,智能控制,梁教授,导师指导细致，团队合作密切
鑫博腾飞传媒有限公司大学,重庆,建筑通风系统设计,洪教授,导师指导细致，团队合作密切
海创科技有限公司大学,北京,建筑设备与自动化,蒋教授,实验资源丰富，重视实践能力
艾提科信传媒有限公司大学,上海,智能控制,赵教授,实验资源丰富，重视实践能力
天开信息有限公司大学,上海,绿色建筑设计,邓教授,适合从事建筑节能与智能化研究
佳禾网络有限公司大学,青岛,暖通系统仿真,李教授,适合从事建筑节能与智能化研究
菊风公司信息有限公司大学,成都,建筑节能,梁教授,科研氛围浓厚，适合深入发展
毕博诚传媒有限公司大学,重庆,建筑设备与自动化,覃教授,适合从事建筑节能与智能化研究
菊风公司科技有限公司大学,上海,可再生能源建筑应用,周教授,课题方向契合国家战略，发展前景好
联通时科网络有限公司大学,青岛,室内环境控制,陈教授,科研氛围浓厚，适合深入发展
迪摩网络有限公司大学,重庆,热舒适研究,王教授,课题方向契合国家战略，发展前景好
良诺网络有限公司大学,北京,绿色建筑设计,王教授,适合从事建筑节能与智能化研究
九方科技有限公司大学,武汉,建筑设备与自动化,陈教授,导师指导细致，团队合作密切
和泰信息有限公司大学,沈阳,智能控制,王教授,适合从事建筑节能与智能化研究
太极网络有限公司大学,北京,暖通系统仿真,刘教授,导师指导细致，团队合作密切
商软冠联科技有限公司大学,上海,建筑通风系统设计,张教授,导师指导细致，团队合作密切
华成育卓传媒有限公司大学,广州,建筑通风系统设计,申教授,实验资源丰富，重视实践能力
新格林耐特传媒有限公司大学,哈尔滨,暖通系统仿真,朱教授,课题方向契合国家战略，发展前景好
万迅电脑信息有限公司大学,青岛,建筑节能,邵教授,课题方向契合国家战略，发展前景好
襄樊地球村科技有限公司大学,西安,建筑通风系统设计,陈教授,导师指导细致，团队合作密切
天开信息有限公司大学,北京,建筑环境与能源应用工程,严教授,实验资源丰富，重视实践能力
商软冠联传媒有限公司大学,青岛,建筑节能,刘教授,科研氛围浓厚，适合深入发展
易动力信息有限公司大学,南京,绿色建筑设计,胡教授,适合从事建筑节能与智能化研究
昊嘉信息有限公司大学,天津,建筑节能,王教授,课题方向契合国家战略，发展前景好
精芯传媒有限公司大学,成都,碳中和技术,刘教授,科研氛围浓厚，适合深入发展
商软冠联科技有限公司大学,武汉,智能控制,谭教授,科研氛围浓厚，适合深入发展
昊嘉科技有限公司大学,南京,建筑设备与自动化,傅教授,实验资源丰富，重视实践能力
联软传媒有限公司大学,哈尔滨,室内环境控制,满教授,导师指导细致，团队合作密切
戴硕电子信息有限公司大学,西安,室内环境控制,周教授,科研氛围浓厚，适合深入发展
天益科技有限公司大学,沈阳,可再生能源建筑应用,陈教授,课题方向契合国家战略，发展前景好
联通时科科技有限公司大学,北京,建筑节能,徐教授,导师指导细致，团队合作密切
银嘉网络有限公司大学,重庆,可再生能源建筑应用,张教授,科研氛围浓厚，适合深入发展
飞利信网络有限公司大学,天津,碳中和技术,马教授,课题方向契合国家战略，发展前景好
同兴万点网络有限公司大学,武汉,绿色建筑设计,徐教授,适合从事建筑节能与智能化研究
明腾网络有限公司大学,武汉,绿色建筑设计,侯教授,适合从事建筑节能与智能化研究
富罳科技有限公司大学,北京,可再生能源建筑应用,李教授,适合从事建筑节能与智能化研究
万迅电脑信息有限公司大学,上海,碳中和技术,苏教授,实验资源丰富，重视实践能力
开发区世创信息有限公司大学,南京,碳中和技术,冯教授,课题方向契合国家战略，发展前景好
毕博诚传媒有限公司大学,广州,可再生能源建筑应用,薛教授,课题方向契合国家战略，发展前景好
万迅电脑信息有限公司大学,成都,热舒适研究,张教授,课题方向契合国家战略，发展前景好
华泰通安信息有限公司大学,南京,可再生能源建筑应用,朱教授,导师指导细致，团队合作密切
七喜科技有限公司大学,西安,建筑环境与能源应用工程,陈教授,实验资源丰富，重视实践能力
开发区世创信息有限公司大学,重庆,建筑节能,杨教授,实验资源丰富，重视实践能力
凌颖信息传媒有限公司大学,哈尔滨,建筑设备与自动化,潘教授,导师指导细致，团队合作密切
泰麒麟科技有限公司大学,上海,建筑节能,林教授,适合从事建筑节能与智能化研究
彩虹信息有限公司大学,沈阳,建筑环境与能源应用工程,马教授,科研氛围浓厚，适合深入发展
毕博诚网络有限公司大学,北京,建筑节能,包教授,适合从事建筑节能与智能化研究
华成育卓传媒有限公司大学,广州,可再生能源建筑应用,王教授,导师指导细致，团队合作密切
济南亿次元传媒有限公司大学,青岛,建筑节能,张教授,导师指导细致，团队合作密切
快讯网络有限公司大学,上海,建筑环境与能源应用工程,梁教授,导师指导细致，团队合作密切
鑫博腾飞信息有限公司大学,青岛,建筑环境与能源应用工程,李教授,导师指导细致，团队合作密切
凌颖信息传媒有限公司大学,成都,智能控制,曾教授,科研氛围浓厚，适合深入发展
凌云科技有限公司大学,哈尔滨,建筑通风系统设计,张教授,导师指导细致，团队合作密切
时空盒数字网络有限公司大学,武汉,建筑通风系统设计,郑教授,导师指导细致，团队合作密切
戴硕电子科技有限公司大学,青岛,暖通系统仿真,李教授,课题方向契合国家战略，发展前景好
快讯信息有限公司大学,上海,绿色建筑设计,黄教授,实验资源丰富，重视实践能力
MBP软件信息有限公司大学,成都,建筑通风系统设计,林教授,课题方向契合国家战略，发展前景好
银嘉传媒有限公司大学,青岛,建筑通风系统设计,李教授,导师指导细致，团队合作密切
晖来计算机信息有限公司大学,沈阳,建筑通风系统设计,李教授,导师指导细致，团队合作密切
泰麒麟传媒有限公司大学,哈尔滨,暖通系统仿真,苟教授,实验资源丰富，重视实践能力
和泰传媒有限公司大学,武汉,建筑设备与自动化,钟教授,实验资源丰富，重视实践能力
思优网络有限公司大学,南京,暖通系统仿真,吴教授,课题方向契合国家战略，发展前景好
迪摩网络有限公司大学,广州,碳中和技术,陈教授,导师指导细致，团队合作密切
迪摩科技有限公司大学,上海,智能控制,郝教授,课题方向契合国家战略，发展前景好
新格林耐特信息有限公司大学,成都,室内环境控制,张教授,实验资源丰富，重视实践能力
飞利信信息有限公司大学,南京,室内环境控制,梁教授,适合从事建筑节能与智能化研究
浙大万朋网络有限公司大学,上海,碳中和技术,陈教授,科研氛围浓厚，适合深入发展
时刻科技有限公司大学,哈尔滨,热舒适研究,田教授,课题方向契合国家战略，发展前景好
戴硕电子科技有限公司大学,沈阳,热舒适研究,鲍教授,科研氛围浓厚，适合深入发展
富罳网络有限公司大学,武汉,建筑设备与自动化,郑教授,科研氛围浓厚，适合深入发展
浦华众城网络有限公司大学,上海,建筑通风系统设计,黄教授,导师指导细致，团队合作密切
维涛网络有限公司大学,天津,绿色建筑设计,王教授,适合从事建筑节能与智能化研究
济南亿次元传媒有限公司大学,武汉,建筑设备与自动化,马教授,适合从事建筑节能与智能化研究
天益信息有限公司大学,天津,建筑通风系统设计,任教授,导师指导细致，团队合作密切
万迅电脑信息有限公司大学,沈阳,室内环境控制,严教授,课题方向契合国家战略，发展前景好
图龙信息信息有限公司大学,成都,室内环境控制,王教授,课题方向契合国家战略，发展前景好
同兴万点传媒有限公司大学,重庆,建筑通风系统设计,高教授,导师指导细致，团队合作密切
浦华众城信息有限公司大学,武汉,建筑通风系统设计,郑教授,课题方向契合国家战略，发展前景好
晖来计算机网络有限公司大学,西安,建筑通风系统设计,张教授,科研氛围浓厚，适合深入发展
联软科技有限公司大学,西安,暖通系统仿真,张教授,适合从事建筑节能与智能化研究
联软网络有限公司大学,上海,智能控制,林教授,科研氛围浓厚，适合深入发展
惠派国际公司传媒有限公司大学,成都,可再生能源建筑应用,吴教授,科研氛围浓厚，适合深入发展
万迅电脑科技有限公司大学,沈阳,可再生能源建筑应用,陈教授,科研氛围浓厚，适合深入发展
天开信息有限公司大学,哈尔滨,绿色建筑设计,高教授,实验资源丰富，重视实践能力
万迅电脑信息有限公司大学,沈阳,智能控制,朱教授,科研氛围浓厚，适合深入发展
合联电子科技有限公司大学,北京,碳中和技术,刘教授,实验资源丰富，重视实践能力
恒聪百汇传媒有限公司大学,成都,可再生能源建筑应用,蓝教授,适合从事建筑节能与智能化研究
艾提科信科技有限公司大学,上海,建筑环境与能源应用工程,马教授,导师指导细致，团队合作密切
东方峻景网络有限公司大学,哈尔滨,建筑环境与能源应用工程,李教授,导师指导细致，团队合作密切
联通时科科技有限公司大学,沈阳,建筑通风系统设计,林教授,课题方向契合国家战略，发展前景好
天益网络有限公司大学,广州,室内环境控制,和教授,适合从事建筑节能与智能化研究
创汇信息有限公司大学,西安,建筑节能,郑教授,导师指导细致，团队合作密切
明腾科技有限公司大学,青岛,智能控制,柳教授,科研氛围浓厚，适合深入发展
时刻传媒有限公司大学,上海,智能控制,曹教授,实验资源丰富，重视实践能力
南康信息有限公司大学,重庆,绿色建筑设计,李教授,导师指导细致，团队合作密切
昊嘉科技有限公司大学,青岛,绿色建筑设计,文教授,科研氛围浓厚，适合深入发展
泰麒麟传媒有限公司大学,青岛,建筑设备与自动化,贺教授,导师指导细致，团队合作密切
联软传媒有限公司大学,武汉,建筑通风系统设计,杨教授,课题方向契合国家战略，发展前景好
数字100信息有限公司大学,天津,可再生能源建筑应用,周教授,导师指导细致，团队合作密切
凌颖信息传媒有限公司大学,沈阳,建筑环境与能源应用工程,施教授,导师指导细致，团队合作密切
中建创业科技有限公司大学,西安,暖通系统仿真,赵教授,实验资源丰富，重视实践能力
东方峻景信息有限公司大学,重庆,智能控制,孙教授,科研氛围浓厚，适合深入发展
新宇龙信息传媒有限公司大学,上海,碳中和技术,许教授,导师指导细致，团队合作密切
信诚致远网络有限公司大学,沈阳,绿色建筑设计,孙教授,实验资源丰富，重视实践能力
佳禾信息有限公司大学,天津,热舒适研究,李教授,科研氛围浓厚，适合深入发展
飞利信科技有限公司大学,西安,可再生能源建筑应用,魏教授,导师指导细致，团队合作密切
创亿网络有限公司大学,青岛,建筑通风系统设计,何教授,实验资源丰富，重视实践能力
恩悌传媒有限公司大学,重庆,碳中和技术,陈教授,适合从事建筑节能与智能化研究
雨林木风计算机传媒有限公司大学,上海,建筑环境与能源应用工程,吴教授,科研氛围浓厚，适合深入发展
华泰通安传媒有限公司大学,上海,建筑设备与自动化,赖教授,导师指导细致，团队合作密切
易动力信息有限公司大学,天津,热舒适研究,周教授,科研氛围浓厚，适合深入发展
通际名联信息有限公司大学,哈尔滨,建筑节能,黄教授,实验资源丰富，重视实践能力
快讯网络有限公司大学,沈阳,智能控制,袁教授,实验资源丰富，重视实践能力
合联电子网络有限公司大学,南京,碳中和技术,孙教授,适合从事建筑节能与智能化研究
盟新科技有限公司大学,上海,建筑环境与能源应用工程,王教授,科研氛围浓厚，适合深入发展
网新恒天网络有限公司大学,南京,碳中和技术,李教授,适合从事建筑节能与智能化研究
恒聪百汇网络有限公司大学,天津,建筑节能,唐教授,适合从事建筑节能与智能化研究
泰麒麟网络有限公司大学,西安,可再生能源建筑应用,林教授,实验资源丰富，重视实践能力
时空盒数字传媒有限公司大学,天津,建筑环境与能源应用工程,纪教授,适合从事建筑节能与智能化研究
襄樊地球村传媒有限公司大学,天津,暖通系统仿真,韦教授,实验资源丰富，重视实践能力
浙大万朋网络有限公司大学,西安,建筑通风系统设计,刘教授,适合从事建筑节能与智能化研究
太极科技有限公司大学,南京,室内环境控制,许教授,适合从事建筑节能与智能化研究
联软网络有限公司大学,上海,建筑通风系统设计,申教授,导师指导细致，团队合作密切
鑫博腾飞科技有限公司大学,天津,绿色建筑设计,李教授,科研氛围浓厚，适合深入发展
艾提科信网络有限公司大学,广州,建筑节能,刘教授,课题方向契合国家战略，发展前景好
国讯信息有限公司大学,哈尔滨,热舒适研究,张教授,实验资源丰富，重视实践能力
易动力传媒有限公司大学,西安,暖通系统仿真,段教授,导师指导细致，团队合作密切
海创传媒有限公司大学,南京,建筑环境与能源应用工程,黄教授,实验资源丰富，重视实践能力
双敏电子科技有限公司大学,哈尔滨,热舒适研究,易教授,课题方向契合国家战略，发展前景好
飞利信信息有限公司大学,南京,智能控制,刘教授,导师指导细致，团队合作密切
创汇传媒有限公司大学,南京,智能控制,郭教授,科研氛围浓厚，适合深入发展
时空盒数字科技有限公司大学,哈尔滨,室内环境控制,梁教授,导师指导细致，团队合作密切
南康传媒有限公司大学,武汉,智能控制,彭教授,课题方向契合国家战略，发展前景好
开发区世创传媒有限公司大学,天津,碳中和技术,汪教授,实验资源丰富，重视实践能力
泰麒麟信息有限公司大学,北京,建筑环境与能源应用工程,张教授,科研氛围浓厚，适合深入发展
鑫博腾飞传媒有限公司大学,重庆,建筑设备与自动化,王教授,科研氛围浓厚，适合深入发展
创汇传媒有限公司大学,成都,建筑通风系统设计,刘教授,导师指导细致，团队合作密切
雨林木风计算机网络有限公司大学,青岛,可再生能源建筑应用,王教授,导师指导细致，团队合作密切
飞海科技传媒有限公司大学,南京,建筑通风系统设计,迟教授,课题方向契合国家战略，发展前景好
飞利信信息有限公司大学,广州,绿色建筑设计,陈教授,科研氛围浓厚，适合深入发展
通际名联科技有限公司大学,哈尔滨,智能控制,林教授,实验资源丰富，重视实践能力
太极网络有限公司大学,南京,建筑通风系统设计,戚教授,实验资源丰富，重视实践能力
新宇龙信息信息有限公司大学,广州,建筑环境与能源应用工程,李教授,导师指导细致，团队合作密切
戴硕电子科技有限公司大学,上海,暖通系统仿真,黄教授,课题方向契合国家战略，发展前景好
九方科技有限公司大学,武汉,建筑节能,齐教授,科研氛围浓厚，适合深入发展
立信电子科技有限公司大学,北京,碳中和技术,罗教授,实验资源丰富，重视实践能力
创亿科技有限公司大学,天津,建筑通风系统设计,杨教授,适合从事建筑节能与智能化研究
四通传媒有限公司大学,沈阳,绿色建筑设计,黄教授,科研氛围浓厚，适合深入发展
四通网络有限公司大学,西安,智能控制,侯教授,实验资源丰富，重视实践能力
昂歌信息科技有限公司大学,南京,智能控制,李教授,科研氛围浓厚，适合深入发展
信诚致远科技有限公司大学,青岛,碳中和技术,李教授,科研氛围浓厚，适合深入发展
七喜网络有限公司大学,广州,智能控制,邹教授,实验资源丰富，重视实践能力
和泰科技有限公司大学,武汉,暖通系统仿真,迟教授,课题方向契合国家战略，发展前景好
快讯传媒有限公司大学,西安,暖通系统仿真,何教授,科研氛围浓厚，适合深入发展
南康科技有限公司大学,北京,可再生能源建筑应用,段教授,适合从事建筑节能与智能化研究
四通信息有限公司大学,武汉,室内环境控制,李教授,课题方向契合国家战略，发展前景好
浦华众城信息有限公司大学,天津,碳中和技术,胡教授,课题方向契合国家战略，发展前景好
超艺传媒有限公司大学,哈尔滨,绿色建筑设计,杨教授,实验资源丰富，重视实践能力
浙大万朋信息有限公司大学,武汉,可再生能源建筑应用,李教授,导师指导细致，团队合作密切
时空盒数字传媒有限公司大学,成都,绿色建筑设计,张教授,适合从事建筑节能与智能化研究
海创科技有限公司大学,成都,建筑通风系统设计,吕教授,导师指导细致，团队合作密切
襄樊地球村信息有限公司大学,沈阳,建筑设备与自动化,黄教授,课题方向契合国家战略，发展前景好
华远软件传媒有限公司大学,上海,室内环境控制,郑教授,科研氛围浓厚，适合深入发展
易动力信息有限公司大学,北京,碳中和技术,邱教授,实验资源丰富，重视实践能力
九方科技有限公司大学,南京,暖通系统仿真,汤教授,导师指导细致，团队合作密切
昂歌信息信息有限公司大学,沈阳,建筑通风系统设计,刘教授,适合从事建筑节能与智能化研究
毕博诚信息有限公司大学,青岛,绿色建筑设计,杨教授,实验资源丰富，重视实践能力
超艺信息有限公司大学,成都,建筑设备与自动化,刘教授,导师指导细致，团队合作密切
飞海科技网络有限公司大学,青岛,暖通系统仿真,贺教授,实验资源丰富，重视实践能力
开发区世创信息有限公司大学,沈阳,碳中和技术,邱教授,课题方向契合国家战略，发展前景好
七喜传媒有限公司大学,成都,绿色建筑设计,原教授,导师指导细致，团队合作密切
合联电子信息有限公司大学,成都,智能控制,陈教授,课题方向契合国家战略，发展前景好
合联电子网络有限公司大学,西安,智能控制,李教授,课题方向契合国家战略，发展前景好
戴硕电子信息有限公司大学,天津,建筑环境与能源应用工程,李教授,科研氛围浓厚，适合深入发展
黄石金承网络有限公司大学,青岛,热舒适研究,张教授,导师指导细致，团队合作密切
华远软件科技有限公司大学,青岛,绿色建筑设计,谢教授,适合从事建筑节能与智能化研究
创汇传媒有限公司大学,武汉,暖通系统仿真,居教授,实验资源丰富，重视实践能力
彩虹传媒有限公司大学,青岛,碳中和技术,刘教授,科研氛围浓厚，适合深入发展
飞利信传媒有限公司大学,成都,室内环境控制,徐教授,科研氛围浓厚，适合深入发展
图龙信息网络有限公司大学,武汉,建筑环境与能源应用工程,周教授,课题方向契合国家战略，发展前景好
毕博诚网络有限公司大学,天津,暖通系统仿真,陈教授,课题方向契合国家战略，发展前景好
太极网络有限公司大学,哈尔滨,建筑环境与能源应用工程,陈教授,实验资源丰富，重视实践能力
晖来计算机信息有限公司大学,西安,智能控制,吕教授,导师指导细致，团队合作密切
迪摩科技有限公司大学,北京,建筑节能,杨教授,导师指导细致，团队合作密切
万迅电脑网络有限公司大学,沈阳,绿色建筑设计,卓教授,课题方向契合国家战略，发展前景好
飞海科技网络有限公司大学,上海,绿色建筑设计,刘教授,导师指导细致，团队合作密切
盟新信息有限公司大学,南京,建筑节能,谢教授,科研氛围浓厚，适合深入发展
明腾传媒有限公司大学,成都,绿色建筑设计,桑教授,适合从事建筑节能与智能化研究
明腾信息有限公司大学,南京,建筑节能,汪教授,课题方向契合国家战略，发展前景好
商软冠联信息有限公司大学,上海,建筑通风系统设计,石教授,课题方向契合国家战略，发展前景好
华泰通安信息有限公司大学,重庆,建筑环境与能源应用工程,刘教授,课题方向契合国家战略，发展前景好
快讯传媒有限公司大学,西安,智能控制,兰教授,导师指导细致，团队合作密切
超艺网络有限公司大学,南京,热舒适研究,顾教授,科研氛围浓厚，适合深入发展
新宇龙信息信息有限公司大学,哈尔滨,绿色建筑设计,赵教授,科研氛围浓厚，适合深入发展
联通时科科技有限公司大学,青岛,绿色建筑设计,李教授,课题方向契合国家战略，发展前景好
双敏电子网络有限公司大学,上海,建筑设备与自动化,何教授,适合从事建筑节能与智能化研究
明腾传媒有限公司大学,武汉,暖通系统仿真,叶教授,课题方向契合国家战略，发展前景好
泰麒麟传媒有限公司大学,上海,建筑环境与能源应用工程,冯教授,科研氛围浓厚，适合深入发展
维涛信息有限公司大学,哈尔滨,热舒适研究,李教授,课题方向契合国家战略，发展前景好
合联电子网络有限公司大学,成都,建筑节能,路教授,课题方向契合国家战略，发展前景好
新宇龙信息科技有限公司大学,南京,热舒适研究,索教授,课题方向契合国家战略，发展前景好
图龙信息信息有限公司大学,成都,热舒适研究,蔡教授,课题方向契合国家战略，发展前景好
易动力网络有限公司大学,广州,建筑环境与能源应用工程,舒教授,实验资源丰富，重视实践能力
兰金电子科技有限公司大学,北京,室内环境控制,张教授,适合从事建筑节能与智能化研究
七喜信息有限公司大学,重庆,建筑设备与自动化,马教授,适合从事建筑节能与智能化研究
黄石金承科技有限公司大学,广州,暖通系统仿真,陈教授,适合从事建筑节能与智能化研究
昊嘉网络有限公司大学,广州,室内环境控制,季教授,科研氛围浓厚，适合深入发展
和泰网络有限公司大学,西安,绿色建筑设计,边教授,适合从事建筑节能与智能化研究
鸿睿思博信息有限公司大学,西安,暖通系统仿真,刘教授,课题方向契合国家战略，发展前景好
南康网络有限公司大学,广州,建筑通风系统设计,梁教授,导师指导细致，团队合作密切
迪摩传媒有限公司大学,广州,暖通系统仿真,褚教授,导师指导细致，团队合作密切
太极信息有限公司大学,南京,碳中和技术,胡教授,适合从事建筑节能与智能化研究
艾提科信信息有限公司大学,青岛,暖通系统仿真,王教授,课题方向契合国家战略，发展前景好
维涛传媒有限公司大学,武汉,热舒适研究,李教授,科研氛围浓厚，适合深入发展
通际名联网络有限公司大学,武汉,建筑设备与自动化,翟教授,实验资源丰富，重视实践能力
迪摩网络有限公司大学,南京,建筑环境与能源应用工程,徐教授,适合从事建筑节能与智能化研究
明腾网络有限公司大学,南京,智能控制,张教授,实验资源丰富，重视实践能力
精芯传媒有限公司大学,沈阳,碳中和技术,陈教授,导师指导细致，团队合作密切
中建创业传媒有限公司大学,武汉,可再生能源建筑应用,李教授,导师指导细致，团队合作密切
易动力信息有限公司大学,武汉,建筑节能,罗教授,适合从事建筑节能与智能化研究
趋势网络有限公司大学,上海,建筑设备与自动化,王教授,导师指导细致，团队合作密切
思优信息有限公司大学,天津,建筑环境与能源应用工程,郭教授,科研氛围浓厚，适合深入发展
九方传媒有限公司大学,北京,可再生能源建筑应用,焦教授,课题方向契合国家战略，发展前景好
维旺明传媒有限公司大学,广州,热舒适研究,张教授,课题方向契合国家战略，发展前景好
戴硕电子传媒有限公司大学,西安,暖通系统仿真,赵教授,实验资源丰富，重视实践能力
天益网络有限公司大学,南京,建筑通风系统设计,王教授,导师指导细致，团队合作密切
明腾网络有限公司大学,西安,可再生能源建筑应用,何教授,导师指导细致，团队合作密切
维旺明科技有限公司大学,沈阳,建筑环境与能源应用工程,何教授,实验资源丰富，重视实践能力
诺依曼软件网络有限公司大学,天津,暖通系统仿真,郑教授,实验资源丰富，重视实践能力
信诚致远网络有限公司大学,南京,建筑设备与自动化,朱教授,导师指导细致，团队合作密切
思优科技有限公司大学,重庆,智能控制,胡教授,科研氛围浓厚，适合深入发展
万迅电脑信息有限公司大学,武汉,可再生能源建筑应用,孙教授,适合从事建筑节能与智能化研究
精芯信息有限公司大学,哈尔滨,热舒适研究,陈教授,课题方向契合国家战略，发展前景好
菊风公司网络有限公司大学,重庆,绿色建筑设计,余教授,课题方向契合国家战略，发展前景好
创联世纪信息有限公司大学,重庆,绿色建筑设计,王教授,课题方向契合国家战略，发展前景好
飞海科技网络有限公司大学,西安,建筑通风系统设计,林教授,课题方向契合国家战略，发展前景好
东方峻景科技有限公司大学,南京,建筑设备与自动化,萧教授,课题方向契合国家战略，发展前景好
黄石金承科技有限公司大学,成都,碳中和技术,甘教授,导师指导细致，团队合作密切
海创传媒有限公司大学,重庆,建筑通风系统设计,张教授,科研氛围浓厚，适合深入发展
易动力传媒有限公司大学,武汉,热舒适研究,黄教授,课题方向契合国家战略，发展前景好
泰麒麟传媒有限公司大学,西安,暖通系统仿真,杨教授,导师指导细致，团队合作密切
鑫博腾飞科技有限公司大学,广州,可再生能源建筑应用,张教授,导师指导细致，团队合作密切
诺依曼软件科技有限公司大学,上海,碳中和技术,杨教授,科研氛围浓厚，适合深入发展
飞利信网络有限公司大学,沈阳,建筑通风系统设计,李教授,科研氛围浓厚，适合深入发展
创亿传媒有限公司大学,成都,暖通系统仿真,张教授,实验资源丰富，重视实践能力
创联世纪传媒有限公司大学,天津,碳中和技术,周教授,实验资源丰富，重视实践能力
凌云网络有限公司大学,武汉,绿色建筑设计,杜教授,导师指导细致，团队合作密切
创联世纪网络有限公司大学,天津,可再生能源建筑应用,韩教授,适合从事建筑节能与智能化研究
超艺网络有限公司大学,重庆,暖通系统仿真,李教授,课题方向契合国家战略，发展前景好
盟新科技有限公司大学,重庆,建筑通风系统设计,李教授,适合从事建筑节能与智能化研究
MBP软件传媒有限公司大学,武汉,绿色建筑设计,姜教授,实验资源丰富，重视实践能力
银嘉传媒有限公司大学,重庆,暖通系统仿真,李教授,适合从事建筑节能与智能化研究
信诚致远网络有限公司大学,哈尔滨,室内环境控制,朱教授,实验资源丰富，重视实践能力
新格林耐特传媒有限公司大学,广州,建筑设备与自动化,胡教授,科研氛围浓厚，适合深入发展
数字100科技有限公司大学,天津,建筑节能,姚教授,科研氛围浓厚，适合深入发展
数字100信息有限公司大学,南京,热舒适研究,李教授,适合从事建筑节能与智能化研究
合联电子信息有限公司大学,广州,建筑节能,张教授,实验资源丰富，重视实践能力
鸿睿思博科技有限公司大学,沈阳,智能控制,徐教授,实验资源丰富，重视实践能力
快讯信息有限公司大学,青岛,室内环境控制,屈教授,导师指导细致，团队合作密切
富罳传媒有限公司大学,重庆,暖通系统仿真,王教授,实验资源丰富，重视实践能力
快讯信息有限公司大学,哈尔滨,建筑设备与自动化,邹教授,导师指导细致，团队合作密切
海创信息有限公司大学,北京,绿色建筑设计,万教授,课题方向契合国家战略，发展前景好
维涛科技有限公司大学,北京,建筑通风系统设计,萧教授,实验资源丰富，重视实践能力
同兴万点信息有限公司大学,哈尔滨,热舒适研究,李教授,适合从事建筑节能与智能化研究
海创科技有限公司大学,北京,可再生能源建筑应用,郎教授,实验资源丰富，重视实践能力
七喜信息有限公司大学,沈阳,室内环境控制,林教授,导师指导细致，团队合作密切
浦华众城科技有限公司大学,青岛,可再生能源建筑应用,赵教授,实验资源丰富，重视实践能力
恩悌网络有限公司大学,上海,智能控制,朱教授,实验资源丰富，重视实践能力
菊风公司传媒有限公司大学,重庆,建筑节能,田教授,导师指导细致，团队合作密切
兰金电子科技有限公司大学,上海,建筑通风系统设计,张教授,科研氛围浓厚，适合深入发展
九方网络有限公司大学,青岛,智能控制,杨教授,实验资源丰富，重视实践能力
毕博诚传媒有限公司大学,青岛,暖通系统仿真,孙教授,导师指导细致，团队合作密切
数字100科技有限公司大学,沈阳,建筑设备与自动化,梁教授,实验资源丰富，重视实践能力
银嘉科技有限公司大学,成都,建筑通风系统设计,秦教授,科研氛围浓厚，适合深入发展
毕博诚传媒有限公司大学,西安,智能控制,张教授,课题方向契合国家战略，发展前景好
和泰网络有限公司大学,哈尔滨,建筑设备与自动化,张教授,科研氛围浓厚，适合深入发展
东方峻景信息有限公司大学,北京,智能控制,舒教授,实验资源丰富，重视实践能力
菊风公司网络有限公司大学,西安,可再生能源建筑应用,赵教授,实验资源丰富，重视实践能力
时空盒数字科技有限公司大学,重庆,热舒适研究,卢教授,适合从事建筑节能与智能化研究
天益信息有限公司大学,西安,建筑设备与自动化,杜教授,适合从事建筑节能与智能化研究
新宇龙信息传媒有限公司大学,天津,室内环境控制,曹教授,适合从事建筑节能与智能化研究
双敏电子网络有限公司大学,重庆,建筑通风系统设计,秦教授,适合从事建筑节能与智能化研究
国讯网络有限公司大学,沈阳,建筑通风系统设计,刘教授,实验资源丰富，重视实践能力
创汇传媒有限公司大学,重庆,建筑环境与能源应用工程,彭教授,课题方向契合国家战略，发展前景好
昂歌信息信息有限公司大学,广州,建筑设备与自动化,王教授,实验资源丰富，重视实践能力
飞海科技科技有限公司大学,哈尔滨,建筑通风系统设计,张教授,实验资源丰富，重视实践能力
万迅电脑信息有限公司大学,青岛,智能控制,高教授,适合从事建筑节能与智能化研究
中建创业科技有限公司大学,广州,绿色建筑设计,杨教授,实验资源丰富，重视实践能力
同兴万点信息有限公司大学,沈阳,建筑通风系统设计,申教授,导师指导细致，团队合作密切
时空盒数字网络有限公司大学,天津,建筑通风系统设计,戴教授,适合从事建筑节能与智能化研究
新宇龙信息传媒有限公司大学,哈尔滨,建筑节能,韩教授,导师指导细致，团队合作密切
华远软件网络有限公司大学,西安,碳中和技术,程教授,导师指导细致，团队合作密切
济南亿次元信息有限公司大学,西安,碳中和技术,朱教授,实验资源丰富，重视实践能力
惠派国际公司网络有限公司大学,天津,建筑设备与自动化,陈教授,科研氛围浓厚，适合深入发展
新格林耐特信息有限公司大学,北京,室内环境控制,蒋教授,实验资源丰富，重视实践能力
群英网络有限公司大学,沈阳,建筑通风系统设计,张教授,导师指导细致，团队合作密切
时刻科技有限公司大学,天津,建筑通风系统设计,路教授,导师指导细致，团队合作密切
毕博诚科技有限公司大学,重庆,热舒适研究,常教授,科研氛围浓厚，适合深入发展
创联世纪传媒有限公司大学,哈尔滨,建筑节能,周教授,实验资源丰富，重视实践能力
华远软件传媒有限公司大学,广州,智能控制,姜教授,导师指导细致，团队合作密切
盟新信息有限公司大学,哈尔滨,可再生能源建筑应用,盛教授,实验资源丰富，重视实践能力
群英传媒有限公司大学,上海,建筑通风系统设计,刘教授,科研氛围浓厚，适合深入发展
明腾信息有限公司大学,武汉,建筑环境与能源应用工程,邓教授,课题方向契合国家战略，发展前景好
太极科技有限公司大学,天津,暖通系统仿真,陆教授,适合从事建筑节能与智能化研究
毕博诚网络有限公司大学,南京,建筑通风系统设计,刘教授,导师指导细致，团队合作密切
创汇信息有限公司大学,天津,绿色建筑设计,许教授,适合从事建筑节能与智能化研究
方正科技网络有限公司大学,南京,绿色建筑设计,夏教授,实验资源丰富，重视实践能力
群英网络有限公司大学,广州,可再生能源建筑应用,甘教授,导师指导细致，团队合作密切
七喜信息有限公司大学,北京,智能控制,梁教授,科研氛围浓厚，适合深入发展
南康传媒有限公司大学,天津,智能控制,陈教授,实验资源丰富，重视实践能力
浦华众城网络有限公司大学,北京,建筑通风系统设计,任教授,实验资源丰富，重视实践能力
浙大万朋科技有限公司大学,上海,暖通系统仿真,瞿教授,适合从事建筑节能与智能化研究
合联电子科技有限公司大学,南京,建筑节能,刘教授,科研氛围浓厚，适合深入发展
华泰通安科技有限公司大学,广州,智能控制,董教授,适合从事建筑节能与智能化研究
迪摩传媒有限公司大学,成都,室内环境控制,刘教授,科研氛围浓厚，适合深入发展
恩悌科技有限公司大学,重庆,碳中和技术,马教授,实验资源丰富，重视实践能力
万迅电脑信息有限公司大学,成都,建筑环境与能源应用工程,张教授,导师指导细致，团队合作密切
富罳信息有限公司大学,沈阳,建筑节能,王教授,科研氛围浓厚，适合深入发展
精芯传媒有限公司大学,广州,智能控制,刘教授,适合从事建筑节能与智能化研究
凌颖信息科技有限公司大学,哈尔滨,建筑设备与自动化,吕教授,科研氛围浓厚，适合深入发展
七喜传媒有限公司大学,重庆,室内环境控制,李教授,课题方向契合国家战略，发展前景好
东方峻景科技有限公司大学,成都,建筑设备与自动化,刘教授,实验资源丰富，重视实践能力
数字100网络有限公司大学,成都,热舒适研究,南教授,适合从事建筑节能与智能化研究
惠派国际公司信息有限公司大学,青岛,可再生能源建筑应用,贺教授,课题方向契合国家战略，发展前景好
戴硕电子信息有限公司大学,北京,建筑设备与自动化,王教授,导师指导细致，团队合作密切
昊嘉科技有限公司大学,成都,暖通系统仿真,徐教授,科研氛围浓厚，适合深入发展
兰金电子传媒有限公司大学,上海,建筑设备与自动化,纪教授,课题方向契合国家战略，发展前景好
开发区世创信息有限公司大学,广州,绿色建筑设计,杨教授,适合从事建筑节能与智能化研究
群英网络有限公司大学,成都,碳中和技术,曾教授,实验资源丰富，重视实践能力
趋势传媒有限公司大学,南京,可再生能源建筑应用,周教授,课题方向契合国家战略，发展前景好
惠派国际公司传媒有限公司大学,哈尔滨,绿色建筑设计,马教授,实验资源丰富，重视实践能力
双敏电子信息有限公司大学,北京,室内环境控制,赵教授,导师指导细致，团队合作密切
维涛科技有限公司大学,南京,室内环境控制,刘教授,实验资源丰富，重视实践能力
方正科技科技有限公司大学,南京,可再生能源建筑应用,井教授,导师指导细致，团队合作密切
东方峻景信息有限公司大学,西安,建筑环境与能源应用工程,张教授,实验资源丰富，重视实践能力
泰麒麟网络有限公司大学,重庆,暖通系统仿真,周教授,适合从事建筑节能与智能化研究
天益信息有限公司大学,哈尔滨,绿色建筑设计,宋教授,适合从事建筑节能与智能化研究
良诺信息有限公司大学,沈阳,建筑设备与自动化,詹教授,适合从事建筑节能与智能化研究
盟新网络有限公司大学,天津,建筑通风系统设计,方教授,实验资源丰富，重视实践能力
快讯信息有限公司大学,重庆,热舒适研究,倪教授,导师指导细致，团队合作密切
七喜信息有限公司大学,上海,建筑通风系统设计,曾教授,导师指导细致，团队合作密切
易动力网络有限公司大学,沈阳,建筑环境与能源应用工程,王教授,适合从事建筑节能与智能化研究
太极网络有限公司大学,南京,建筑环境与能源应用工程,杨教授,适合从事建筑节能与智能化研究
方正科技网络有限公司大学,南京,热舒适研究,张教授,适合从事建筑节能与智能化研究
维涛信息有限公司大学,天津,智能控制,邹教授,实验资源丰富，重视实践能力
七喜信息有限公司大学,沈阳,碳中和技术,王教授,科研氛围浓厚，适合深入发展
戴硕电子网络有限公司大学,武汉,绿色建筑设计,曾教授,导师指导细致，团队合作密切
通际名联信息有限公司大学,青岛,建筑节能,李教授,实验资源丰富，重视实践能力
菊风公司网络有限公司大学,西安,暖通系统仿真,罗教授,导师指导细致，团队合作密切
东方峻景传媒有限公司大学,成都,绿色建筑设计,章教授,课题方向契合国家战略，发展前景好
MBP软件信息有限公司大学,武汉,室内环境控制,杨教授,导师指导细致，团队合作密切
银嘉传媒有限公司大学,广州,建筑通风系统设计,聂教授,实验资源丰富，重视实践能力
超艺网络有限公司大学,成都,建筑设备与自动化,江教授,导师指导细致，团队合作密切
网新恒天网络有限公司大学,北京,热舒适研究,国教授,课题方向契合国家战略，发展前景好
恒聪百汇信息有限公司大学,北京,智能控制,耿教授,适合从事建筑节能与智能化研究
天开传媒有限公司大学,上海,可再生能源建筑应用,史教授,适合从事建筑节能与智能化研究
华远软件科技有限公司大学,南京,绿色建筑设计,薛教授,导师指导细致，团队合作密切
网新恒天信息有限公司大学,成都,智能控制,顾教授,科研氛围浓厚，适合深入发展
雨林木风计算机网络有限公司大学,南京,热舒适研究,陈教授,适合从事建筑节能与智能化研究
易动力网络有限公司大学,哈尔滨,智能控制,李教授,课题方向契合国家战略，发展前景好
易动力网络有限公司大学,北京,碳中和技术,边教授,科研氛围浓厚，适合深入发展
数字100信息有限公司大学,武汉,建筑环境与能源应用工程,包教授,适合从事建筑节能与智能化研究
佳禾传媒有限公司大学,南京,建筑设备与自动化,韦教授,科研氛围浓厚，适合深入发展
惠派国际公司传媒有限公司大学,西安,热舒适研究,冯教授,科研氛围浓厚，适合深入发展
时刻网络有限公司大学,武汉,智能控制,刘教授,课题方向契合国家战略，发展前景好
浦华众城网络有限公司大学,西安,建筑设备与自动化,张教授,导师指导细致，团队合作密切
网新恒天网络有限公司大学,哈尔滨,智能控制,任教授,导师指导细致，团队合作密切
菊风公司信息有限公司大学,成都,绿色建筑设计,田教授,适合从事建筑节能与智能化研究
彩虹网络有限公司大学,成都,室内环境控制,张教授,实验资源丰富，重视实践能力
双敏电子信息有限公司大学,北京,建筑设备与自动化,王教授,科研氛围浓厚，适合深入发展
思优网络有限公司大学,哈尔滨,建筑通风系统设计,梁教授,实验资源丰富，重视实践能力
商软冠联网络有限公司大学,青岛,暖通系统仿真,李教授,课题方向契合国家战略，发展前景好
佳禾科技有限公司大学,武汉,智能控制,朱教授,科研氛围浓厚，适合深入发展
浦华众城网络有限公司大学,成都,绿色建筑设计,张教授,导师指导细致，团队合作密切
精芯传媒有限公司大学,青岛,建筑节能,陈教授,科研氛围浓厚，适合深入发展
思优网络有限公司大学,沈阳,智能控制,吴教授,实验资源丰富，重视实践能力
易动力传媒有限公司大学,广州,智能控制,孙教授,适合从事建筑节能与智能化研究
华成育卓科技有限公司大学,哈尔滨,智能控制,杨教授,导师指导细致，团队合作密切
超艺网络有限公司大学,西安,建筑设备与自动化,郑教授,科研氛围浓厚，适合深入发展
快讯网络有限公司大学,沈阳,室内环境控制,蔡教授,导师指导细致，团队合作密切
九方传媒有限公司大学,青岛,碳中和技术,杨教授,适合从事建筑节能与智能化研究
东方峻景传媒有限公司大学,天津,建筑设备与自动化,林教授,实验资源丰富，重视实践能力
商软冠联传媒有限公司大学,广州,可再生能源建筑应用,潘教授,科研氛围浓厚，适合深入发展
创联世纪科技有限公司大学,西安,建筑设备与自动化,岑教授,导师指导细致，团队合作密切
中建创业传媒有限公司大学,沈阳,暖通系统仿真,卢教授,导师指导细致，团队合作密切
银嘉信息有限公司大学,南京,室内环境控制,周教授,课题方向契合国家战略，发展前景好
国讯网络有限公司大学,武汉,可再生能源建筑应用,刘教授,适合从事建筑节能与智能化研究
MBP软件科技有限公司大学,上海,热舒适研究,李教授,科研氛围浓厚，适合深入发展
黄石金承科技有限公司大学,重庆,智能控制,张教授,导师指导细致，团队合作密切
晖来计算机网络有限公司大学,成都,建筑环境与能源应用工程,王教授,课题方向契合国家战略，发展前景好
恒聪百汇信息有限公司大学,南京,绿色建筑设计,周教授,适合从事建筑节能与智能化研究
黄石金承信息有限公司大学,武汉,建筑环境与能源应用工程,萧教授,实验资源丰富，重视实践能力
艾提科信信息有限公司大学,成都,建筑设备与自动化,汤教授,适合从事建筑节能与智能化研究
创亿科技有限公司大学,哈尔滨,建筑通风系统设计,王教授,课题方向契合国家战略，发展前景好
联软网络有限公司大学,重庆,室内环境控制,王教授,适合从事建筑节能与智能化研究
晖来计算机科技有限公司大学,成都,建筑设备与自动化,范教授,导师指导细致，团队合作密切
泰麒麟传媒有限公司大学,天津,室内环境控制,刘教授,实验资源丰富，重视实践能力
创汇科技有限公司大学,广州,暖通系统仿真,魏教授,课题方向契合国家战略，发展前景好
浙大万朋信息有限公司大学,北京,建筑环境与能源应用工程,姜教授,课题方向契合国家战略，发展前景好
商软冠联网络有限公司大学,青岛,绿色建筑设计,马教授,科研氛围浓厚，适合深入发展
维旺明网络有限公司大学,沈阳,智能控制,李教授,导师指导细致，团队合作密切
合联电子信息有限公司大学,南京,暖通系统仿真,杨教授,适合从事建筑节能与智能化研究
太极信息有限公司大学,南京,暖通系统仿真,李教授,课题方向契合国家战略，发展前景好
济南亿次元信息有限公司大学,天津,暖通系统仿真,张教授,科研氛围浓厚，适合深入发展
济南亿次元传媒有限公司大学,重庆,热舒适研究,李教授,导师指导细致，团队合作密切
浦华众城网络有限公司大学,北京,碳中和技术,马教授,实验资源丰富，重视实践能力
银嘉网络有限公司大学,武汉,建筑设备与自动化,温教授,实验资源丰富，重视实践能力
东方峻景网络有限公司大学,上海,热舒适研究,龙教授,科研氛围浓厚，适合深入发展
联通时科科技有限公司大学,广州,建筑节能,潘教授,科研氛围浓厚，适合深入发展
方正科技传媒有限公司大学,哈尔滨,暖通系统仿真,李教授,科研氛围浓厚，适合深入发展
和泰传媒有限公司大学,北京,室内环境控制,姬教授,科研氛围浓厚，适合深入发展
联软科技有限公司大学,重庆,暖通系统仿真,张教授,导师指导细致，团队合作密切
华远软件传媒有限公司大学,西安,碳中和技术,孔教授,实验资源丰富，重视实践能力
明腾科技有限公司大学,重庆,智能控制,巫教授,适合从事建筑节能与智能化研究
济南亿次元传媒有限公司大学,北京,暖通系统仿真,刘教授,实验资源丰富，重视实践能力
昊嘉科技有限公司大学,沈阳,建筑通风系统设计,牟教授,实验资源丰富，重视实践能力
天开网络有限公司大学,沈阳,室内环境控制,蔡教授,导师指导细致，团队合作密切
济南亿次元信息有限公司大学,广州,建筑节能,池教授,导师指导细致，团队合作密切
数字100科技有限公司大学,成都,室内环境控制,张教授,科研氛围浓厚，适合深入发展
合联电子传媒有限公司大学,广州,建筑节能,佟教授,课题方向契合国家战略，发展前景好
浙大万朋信息有限公司大学,天津,建筑节能,李教授,实验资源丰富，重视实践能力
趋势科技有限公司大学,北京,建筑节能,杨教授,导师指导细致，团队合作密切
数字100传媒有限公司大学,上海,绿色建筑设计,侯教授,导师指导细致，团队合作密切
晖来计算机传媒有限公司大学,重庆,绿色建筑设计,张教授,课题方向契合国家战略，发展前景好
图龙信息网络有限公司大学,广州,智能控制,任教授,课题方向契合国家战略，发展前景好
